"Chrom","Position","RSID","Reference","Alternate","Consequence","Protein Consequence","Transcript Consequence","Filter","Annotation","Flags","Allele Count","Allele Number","Number of Homozygotes","Number of Hemizygotes","Allele Frequency","Allele Count African","Allele Number African","Homozygote Count African","Allele Count East Asian","Allele Number East Asian","Homozygote Count East Asian","Allele Count European (Non-Finnish)","Allele Number European (Non-Finnish)","Homozygote Count European (Non-Finnish)","Allele Count Finnish","Allele Number Finnish","Homozygote Count Finnish","Allele Count Latino","Allele Number Latino","Homozygote Count Latino","Allele Count Other","Allele Number Other","Homozygote Count Other","Allele Count South Asian","Allele Number South Asian","Homozygote Count South Asian"
"X","38211902","rs182454762","G","T","","","c.-48G>T","PASS","5' UTR","","105","82985","0","38","0.001265","0","8274","0","7","6242","0","45","45062","0","51","4293","0","0","9003","0","2","605","0","0","9506","0"
"X","38211917",".","G","T","","","c.-33G>T","PASS","5' UTR","","3","83354","0","1","0.00003599","0","8291","0","3","6275","0","0","45281","0","0","4315","0","0","9025","0","0","606","0","0","9561","0"
"X","38211953",".","C","G","p.Leu2Val","p.Leu2Val","c.4C>G","PASS","missense","","2","86398","0","0","0.00002315","2","8450","0","0","6582","0","0","47139","0","0","4476","0","0","9235","0","0","619","0","0","9897","0"
"X","38211961",".","T","G","p.Asn4Lys","p.Asn4Lys","c.12T>G","PASS","missense","","1","86747","0","1","0.00001153","0","8465","0","0","6596","0","1","47375","0","0","4490","0","0","9249","0","0","626","0","0","9946","0"
"X","38211964",".","G","A","p.Leu5Leu","p.Leu5Leu","c.15G>A","PASS","synonymous","","1","86870","0","1","0.00001151","0","8470","0","0","6599","0","0","47461","0","0","4498","0","0","9249","0","0","626","0","1","9967","0"
"X","38211968",".","A","G","p.Ile7Val","p.Ile7Val","c.19A>G","PASS","missense","","1","86994","0","1","0.00001150","0","8475","0","0","6604","0","1","47537","0","0","4503","0","0","9258","0","0","626","0","0","9991","0"
"X","38211995",".","A","G","p.Asn16Asp","p.Asn16Asp","c.46A>G","PASS","missense","","1","87258","0","1","0.00001146","0","8488","0","1","6619","0","0","47693","0","0","4509","0","0","9283","0","0","630","0","0","10036","0"
"X","38212010",".","A","G","p.Met21Val","p.Met21Val","c.61A>G","PASS","missense","","1","87101","0","0","0.00001148","0","8485","0","0","6611","0","0","47592","0","0","4502","0","0","9276","0","0","630","0","1","10005","0"
"X","38212010",".","A","C","p.Met21Leu","p.Met21Leu","c.61A>C","PASS","missense","","1","87101","0","1","0.00001148","0","8485","0","1","6611","0","0","47592","0","0","4502","0","0","9276","0","0","630","0","0","10005","0"
"X","38212011",".","T","C","p.Met21Thr","p.Met21Thr","c.62T>C","PASS","missense","","1","87100","0","0","0.00001148","0","8485","0","0","6611","0","0","47591","0","0","4501","0","1","9276","0","0","630","0","0","10006","0"
"X","38212013",".","G","A","p.Val22Ile","p.Val22Ile","c.64G>A","PASS","missense","","1","87089","0","0","0.00001148","0","8484","0","0","6611","0","1","47588","0","0","4501","0","0","9275","0","0","629","0","0","10001","0"
"X","38212026","rs68031618","G","A","p.Arg26Gln","p.Arg26Gln","c.77G>A","PASS","missense","","1","86719","0","0","0.00001153","0","8465","0","0","6580","0","1","47371","0","0","4478","0","0","9253","0","0","624","0","0","9948","0"
"X","38212033",".","G","A","c.77+7G>A","","c.77+7G>A","PASS","splice region","","1","86549","0","0","0.00001155","0","8453","0","0","6563","0","0","47278","0","0","4473","0","1","9235","0","0","622","0","0","9925","0"
"X","38212037",".","G","A","","","c.77+11G>A","PASS","intron","","1","86471","0","0","0.00001156","0","8450","0","0","6553","0","1","47234","0","0","4471","0","0","9226","0","0","622","0","0","9915","0"
"X","38212060",".","G","A","","","c.77+34G>A","PASS","intron","","16","85838","0","4","0.0001864","0","8414","0","0","6503","0","5","46840","0","10","4456","0","0","9181","0","0","616","0","1","9828","0"
"X","38226512",".","C","A","","","c.78-32C>A","PASS","intron","","1","68642","0","0","0.00001457","0","7611","0","0","5221","0","1","35756","0","0","3766","0","0","7514","0","0","520","0","0","8254","0"
"X","38226521",".","C","A","","","c.78-23C>A","PASS","intron","","1","69741","0","0","0.00001434","0","7656","0","0","5279","0","0","36461","0","0","3805","0","1","7654","0","0","525","0","0","8361","0"
"X","38226539",".","T","A","c.78-5T>A","","c.78-5T>A","PASS","splice region","","1","74020","0","0","0.00001351","0","7858","0","0","5668","0","1","39080","0","0","4015","0","0","8162","0","0","549","0","0","8688","0"
"X","38226544","rs141273695","G","A","c.78G>A","p.Arg26Arg","c.78G>A","PASS","splice region","","2","75846","0","0","0.00002637","2","7945","0","0","5793","0","0","40238","0","0","4104","0","0","8344","0","0","565","0","0","8857","0"
"X","38226546",".","G","A","p.Cys27Tyr","p.Cys27Tyr","c.80G>A","PASS","missense","","1","76447","0","1","0.00001308","0","7963","0","1","5835","0","0","40617","0","0","4131","0","0","8414","0","0","572","0","0","8915","0"
"X","38226549",".","G","A","p.Gly28Glu","p.Gly28Glu","c.83G>A","PASS","missense","","8","77244","0","1","0.0001036","0","8010","0","0","5884","0","8","41127","0","0","4166","0","0","8500","0","0","577","0","0","8980","0"
"X","38226551",".","C","G","p.Gln29Glu","p.Gln29Glu","c.85C>G","PASS","missense","","6","77690","0","4","0.00007723","0","8031","0","0","5917","0","1","41423","0","0","4182","0","5","8543","0","0","578","0","0","9016","0"
"X","38226552",".","A","C","p.Gln29Pro","p.Gln29Pro","c.86A>C","PASS","missense","","1","78036","0","0","0.00001281","0","8041","0","1","5938","0","0","41625","0","0","4200","0","0","8585","0","0","579","0","0","9068","0"
"X","38226554",".","C","T","p.Pro30Ser","p.Pro30Ser","c.88C>T","PASS","missense","","1","78441","0","0","0.00001275","0","8060","0","1","5962","0","0","41905","0","0","4211","0","0","8619","0","0","580","0","0","9104","0"
"X","38226555",".","C","A","p.Pro30Gln","p.Pro30Gln","c.89C>A","PASS","missense","","2","78735","0","0","0.00002540","0","8072","0","0","5978","0","0","42104","0","0","4229","0","2","8644","0","0","581","0","0","9127","0"
"X","38226571",".","G","A","p.Val35Val","p.Val35Val","c.105G>A","PASS","synonymous","","1","81560","0","0","0.00001226","0","8183","0","0","6169","0","0","43909","0","0","4353","0","1","8925","0","0","594","0","0","9427","0"
"X","38226572",".","C","G","p.Gln36Glu","p.Gln36Glu","c.106C>G","PASS","missense","","1","81741","0","0","0.00001223","0","8189","0","0","6175","0","0","44033","0","0","4360","0","1","8941","0","0","596","0","0","9447","0"
"X","38226603","rs1800321","A","G","p.Lys46Arg","p.Lys46Arg","c.137A>G","PASS","missense","","16790","85917","1429","6051","0.1954","3219","8355","474","4","6500","0","11279","46797","859","752","4474","26","928","9223","51","125","621","13","483","9947","6"
"X","38226606","rs67939655","A","C","p.Asn47Thr","p.Asn47Thr","c.140A>C","PASS","missense","","17","86341","0","9","0.0001969","0","8339","0","0","6518","0","15","47127","0","2","4504","0","0","9260","0","0","624","0","0","9969","0"
"X","38226613","rs144153859","C","T","p.Thr49Thr","p.Thr49Thr","c.147C>T","PASS","synonymous","","3","86681","0","1","0.00003461","0","8342","0","1","6554","0","2","47351","0","0","4513","0","0","9280","0","0","626","0","0","10015","0"
"X","38226613","rs144153859","C","G","p.Thr49Thr","p.Thr49Thr","c.147C>G","PASS","synonymous","","1","86681","0","0","0.00001154","0","8342","0","0","6554","0","1","47351","0","0","4513","0","0","9280","0","0","626","0","0","10015","0"
"X","38226614","rs67486158","G","A","p.Gly50Arg","p.Gly50Arg","c.148G>A","PASS","missense","","6","86728","0","2","0.00006918","0","8328","0","1","6562","0","4","47378","0","0","4515","0","0","9288","0","0","628","0","1","10029","0"
"X","38226615",".","G","C","p.Gly50Ala","p.Gly50Ala","c.149G>C","PASS","missense","","3","86807","0","1","0.00003456","0","8332","0","0","6571","0","3","47427","0","0","4517","0","0","9288","0","0","629","0","0","10043","0"
"X","38226615",".","G","T","p.Gly50Val","p.Gly50Val","c.149G>T","PASS","missense","","1","86807","0","0","0.00001152","0","8332","0","0","6571","0","1","47427","0","0","4517","0","0","9288","0","0","629","0","0","10043","0"
"X","38226662",".","A","C","p.Arg66Arg","p.Arg66Arg","c.196A>C","PASS","synonymous","","2","87165","0","1","0.00002294","2","8288","0","0","6628","0","0","47658","0","0","4526","0","0","9315","0","0","630","0","0","10120","0"
"X","38226691",".","C","T","","","c.216+9C>T","PASS","intron","","2","86833","0","2","0.00002303","0","8188","0","0","6619","0","2","47451","0","0","4525","0","0","9307","0","0","628","0","0","10115","0"
"X","38226704",".","C","T","","","c.216+22C>T","PASS","intron","","2","86474","0","2","0.00002313","0","8041","0","1","6609","0","0","47260","0","0","4525","0","1","9308","0","0","628","0","0","10103","0"
"X","38226705",".","G","A","","","c.216+23G>A","PASS","intron","","4","86458","0","1","0.00004627","0","8037","0","2","6608","0","2","47249","0","0","4525","0","0","9308","0","0","628","0","0","10103","0"
"X","38226722",".","C","A","","","c.216+40C>A","PASS","intron","","7","85746","0","4","0.00008164","0","7739","0","0","6597","0","0","46859","0","0","4522","0","0","9304","0","0","623","0","7","10102","0"
"X","38226726",".","T","C","","","c.216+44T>C","PASS","intron","","11","85600","0","3","0.0001285","7","7712","0","0","6589","0","3","46777","0","0","4521","0","1","9297","0","0","621","0","0","10083","0"
"X","38226729",".","T","A","","","c.216+47T>A","PASS","intron","","1","85671","0","0","0.00001167","0","7718","0","0","6591","0","0","46819","0","0","4522","0","1","9296","0","0","623","0","0","10102","0"
"X","38226730",".","T","G","","","c.216+48T>G","PASS","intron","","1","85657","0","0","0.00001167","0","7715","0","0","6590","0","0","46812","0","0","4521","0","1","9296","0","0","623","0","0","10100","0"
"X","38226731",".","T","A","","","c.216+49T>A","PASS","intron","","1","85637","0","0","0.00001168","0","7714","0","0","6589","0","0","46798","0","0","4521","0","1","9294","0","0","623","0","0","10098","0"
"X","38229005",".","T","C","","","c.217-44T>C","PASS","intron","","3","27907","0","0","0.0001075","0","2865","0","3","1281","0","0","13156","0","0","1368","0","0","3978","0","0","254","0","0","5005","0"
"X","38229009",".","TAA","T","","","c.217-39_217-38delAA","PASS","intron","","1","30064","0","0","0.00003326","0","3073","0","0","1456","0","1","14282","0","0","1507","0","0","4370","0","0","271","0","0","5105","0"
"X","38229034",".","G","A","","","c.217-15G>A","PASS","intron","","1","79891","0","0","0.00001252","0","7773","0","0","6354","0","1","43086","0","0","4238","0","0","8979","0","0","576","0","0","8885","0"
"X","38229043",".","T","TTATA","c.217-5_217-2dupTATA","","c.217-5_217-2dupTATA","PASS","splice region","","1","84469","0","1","0.00001184","0","8091","0","0","6558","0","1","46041","0","0","4451","0","0","9183","0","0","605","0","0","9540","0"
"X","38229057",".","T","C","p.Pro75Pro","p.Pro75Pro","c.225T>C","PASS","synonymous","","1","86760","0","0","0.00001153","0","8349","0","0","6617","0","1","47470","0","0","4508","0","0","9267","0","0","626","0","0","9923","0"
"X","38229104",".","C","T","p.Thr91Ile","p.Thr91Ile","c.272C>T","PASS","missense","","3","87419","0","0","0.00003432","0","8468","0","0","6632","0","3","47837","0","0","4523","0","0","9308","0","0","629","0","0","10022","0"
"X","38229115",".","T","C","p.Leu95Leu","p.Leu95Leu","c.283T>C","PASS","synonymous","","1","87361","0","1","0.00001145","0","8463","0","0","6630","0","1","47807","0","0","4521","0","0","9302","0","0","629","0","0","10009","0"
"X","38229118","rs184053962","T","C","p.Ser96Pro","p.Ser96Pro","c.286T>C","PASS","missense","","1","87338","0","0","0.00001145","1","8465","0","0","6631","0","0","47786","0","0","4521","0","0","9299","0","0","629","0","0","10007","0"
"X","38229128",".","C","T","p.Thr99Ile","p.Thr99Ile","c.296C>T","PASS","missense","","1","87233","0","1","0.00001146","0","8457","0","0","6628","0","1","47717","0","0","4519","0","0","9295","0","0","629","0","0","9988","0"
"X","38229135","rs72554348","G","C","c.298+5G>C","","c.298+5G>C","PASS","splice region","","114","87181","0","43","0.001308","0","8453","0","113","6622","0","0","47696","0","0","4517","0","0","9292","0","0","628","0","1","9973","0"
"X","38229139",".","A","G","","","c.298+9A>G","PASS","intron","","1","87146","0","0","0.00001147","0","8451","0","0","6624","0","1","47672","0","0","4516","0","0","9290","0","0","627","0","0","9966","0"
"X","38229139",".","A","C","","","c.298+9A>C","PASS","intron","","1","87146","0","1","0.00001147","0","8451","0","0","6624","0","0","47672","0","0","4516","0","0","9290","0","0","627","0","1","9966","0"
"X","38229148",".","T","A","","","c.298+18T>A","PASS","intron","","1","87056","0","0","0.00001149","0","8446","0","0","6622","0","1","47620","0","0","4512","0","0","9285","0","0","627","0","0","9944","0"
"X","38229151",".","A","G","","","c.298+21A>G","PASS","intron","","2","87025","0","1","0.00002298","0","8441","0","0","6622","0","2","47597","0","0","4512","0","0","9285","0","0","626","0","0","9942","0"
"X","38229154",".","C","G","","","c.298+24C>G","PASS","intron","","2","86999","0","0","0.00002299","2","8439","0","0","6621","0","0","47578","0","0","4512","0","0","9283","0","0","626","0","0","9940","0"
"X","38229176",".","A","G","","","c.298+46A>G","PASS","intron","","1","86701","0","0","0.00001153","0","8399","0","0","6609","0","0","47397","0","0","4504","0","0","9270","0","0","625","0","1","9897","0"
"X","38240550",".","T","C","","","c.299-45T>C","PASS","intron","","1","55638","0","0","0.00001797","0","6218","0","1","4612","0","0","27305","0","0","3154","0","0","6946","0","0","407","0","0","6996","0"
"X","38240555","rs148081863","G","GT","","","c.299-34dupT","PASS","intron","","10056","61880","771","2758","0.1625","247","6370","2","3","4634","0","8144","32445","702","605","3477","23","605","7213","28","96","476","11","356","7265","5"
"X","38240569",".","AT","A","","","c.299-19delT","PASS","intron","","1","66273","0","0","0.00001509","0","6677","0","0","4961","0","0","35195","0","0","3682","0","1","7690","0","0","496","0","0","7572","0"
"X","38240577",".","CT","C","","","c.299-8delT","PASS","intron","","1273","52920","1","137","0.02406","87","5128","0","63","3524","0","812","30627","1","23","3362","0","143","5083","0","10","426","0","135","4770","0"
"X","38240577",".","C","CT","","","c.299-8dupT","PASS","intron","","179","52920","0","7","0.003382","31","5128","0","10","3524","0","70","30627","0","0","3362","0","31","5083","0","0","426","0","37","4770","0"
"X","38240577",".","C","CTT","","","c.299-9_299-8dupTT","PASS","intron","","3","52920","0","0","0.00005669","1","5128","0","0","3524","0","1","30627","0","1","3362","0","0","5083","0","0","426","0","0","4770","0"
"X","38240587","rs73196229","T","A","c.299-8T>A","","c.299-8T>A","PASS","splice region","","12192","79218","851","4281","0.1539","278","7618","2","3","6129","0","9987","42862","774","698","4167","25","693","8830","32","112","584","12","421","9028","6"
"X","38240587","rs73196229","T","TA","c.299-7dupA","","c.299-7dupA","PASS","splice region","","6","79218","0","3","0.00007574","0","7618","0","0","6129","0","2","42862","0","0","4167","0","0","8830","0","0","584","0","4","9028","0"
"X","38240590",".","T","G","c.299-5T>G","","c.299-5T>G","PASS","splice region","","1","81750","0","1","0.00001223","0","7836","0","0","6245","0","0","44630","0","0","4309","0","0","8971","0","0","594","0","1","9165","0"
"X","38240590",".","T","C","c.299-5T>C","","c.299-5T>C","PASS","splice region","","1","81750","0","1","0.00001223","0","7836","0","0","6245","0","1","44630","0","0","4309","0","0","8971","0","0","594","0","0","9165","0"
"X","38240591",".","G","T","c.299-4G>T","","c.299-4G>T","PASS","splice region","","2","81973","0","0","0.00002440","0","7913","0","0","6264","0","2","44735","0","0","4314","0","0","8983","0","0","592","0","0","9172","0"
"X","38240605",".","T","C","n.354-8T>Câ€ ","","n.354-8T>C","PASS","splice region","","1","84359","0","0","0.00001185","1","8220","0","0","6471","0","0","46043","0","0","4398","0","0","9141","0","0","611","0","0","9475","0"
"X","38240641",".","T","C","p.Asp115Asp","p.Asp115Asp","c.345T>C","PASS","synonymous","","1","85109","0","0","0.00001175","0","8357","0","0","6545","0","1","46428","0","0","4419","0","0","9166","0","0","620","0","0","9574","0"
"X","38240652",".","G","T","p.Gly119Val","p.Gly119Val","c.356G>T","PASS","missense","","1","84361","0","1","0.00001185","0","8324","0","0","6519","0","1","45952","0","0","4383","0","0","9126","0","0","608","0","0","9449","0"
"X","38240656",".","G","A","p.Val120Val","p.Val120Val","c.360G>A","PASS","synonymous","","1","83723","0","0","0.00001194","1","8300","0","0","6484","0","0","45539","0","0","4352","0","0","9093","0","0","603","0","0","9352","0"
"X","38240664",".","G","A","p.Ser123Asn","p.Ser123Asn","c.368G>A","PASS","missense","","1","82567","0","1","0.00001211","0","8248","0","0","6401","0","0","44772","0","0","4306","0","0","9016","0","0","596","0","1","9228","0"
"X","38240668",".","C","T","p.Leu124Leu","p.Leu124Leu","c.372C>T","PASS","synonymous","","6","81688","0","3","0.00007345","0","8203","0","0","6346","0","6","44217","0","0","4259","0","0","8946","0","0","587","0","0","9130","0"
"X","38240670","rs72554356","C","T","p.Thr125Met","p.Thr125Met","c.374C>T","PASS","missense","","1","81375","0","1","0.00001229","1","8185","0","0","6322","0","0","44023","0","0","4242","0","0","8922","0","0","588","0","0","9093","0"
"X","38240671",".","G","A","p.Thr125Thr","p.Thr125Thr","c.375G>A","PASS","synonymous","","6","81329","0","2","0.00007377","2","8185","0","0","6312","0","1","43996","0","2","4243","0","0","8916","0","0","588","0","1","9089","0"
"X","38240681","rs140046498","C","T","p.Arg129Cys","p.Arg129Cys","c.385C>T","PASS","missense","","6","79138","0","0","0.00007582","3","8053","0","0","6147","0","3","42593","0","0","4140","0","0","8744","0","0","570","0","0","8891","0"
"X","38240694",".","T","G","","","c.386+12T>G","PASS","intron","","1","77225","0","1","0.00001295","0","7929","0","0","5981","0","0","41376","0","0","4067","0","0","8611","0","0","563","0","1","8698","0"
"X","38240714",".","A","T","","","c.386+32A>T","PASS","intron","","2","74278","0","1","0.00002693","2","7738","0","0","5731","0","0","39544","0","0","3941","0","0","8351","0","0","556","0","0","8417","0"
"X","38240721",".","A","G","","","c.386+39A>G","PASS","intron","","6","72013","0","2","0.00008332","0","7611","0","0","5534","0","6","38061","0","0","3868","0","0","8188","0","0","542","0","0","8209","0"
"X","38240724","rs184980566","C","A","","","c.386+42C>A","PASS","intron","","28","70849","0","9","0.0003952","0","7496","0","28","5433","0","0","37353","0","0","3826","0","0","8090","0","0","542","0","0","8109","0"
"X","38240727",".","A","T","","","c.386+45A>T","PASS","intron","","1","69036","0","0","0.00001449","0","7336","0","0","5262","0","1","36268","0","0","3755","0","0","7912","0","0","530","0","0","7973","0"
"X","38240731",".","A","T","","","c.386+49A>T","PASS","intron","","1","65685","0","0","0.00001522","0","7055","0","1","4967","0","0","34220","0","0","3604","0","0","7604","0","0","511","0","0","7724","0"
"X","38260477",".","G","T","","","c.387-51G>T","PASS","intron","","1","57838","0","0","0.00001729","1","6243","0","0","3767","0","0","30613","0","0","2921","0","0","7147","0","0","459","0","0","6688","0"
"X","38260479",".","A","G","","","c.387-49A>G","PASS","intron","","2","58016","0","0","0.00003447","0","6256","0","0","3770","0","2","30698","0","0","2937","0","0","7186","0","0","461","0","0","6708","0"
"X","38260492",".","A","G","","","c.387-36A>G","PASS","intron","","1","59251","0","1","0.00001688","0","6338","0","0","3935","0","1","31415","0","0","3004","0","0","7298","0","0","469","0","0","6792","0"
"X","38260496",".","T","A","","","c.387-32T>A","PASS","intron","","49","60349","0","14","0.0008119","0","6457","0","0","4101","0","33","31990","0","3","3054","0","1","7388","0","0","474","0","12","6885","0"
"X","38260496",".","T","G","","","c.387-32T>G","PASS","intron","","2","60349","0","0","0.00003314","2","6457","0","0","4101","0","0","31990","0","0","3054","0","0","7388","0","0","474","0","0","6885","0"
"X","38260500",".","A","G","","","c.387-28A>G","PASS","intron","","1","61916","0","0","0.00001615","0","6639","0","0","4356","0","0","32790","0","0","3133","0","0","7520","0","0","480","0","1","6998","0"
"X","38260503",".","T","C","","","c.387-25T>C","PASS","intron","","2","63680","0","0","0.00003141","0","6829","0","0","4577","0","2","33781","0","0","3215","0","0","7636","0","0","489","0","0","7153","0"
"X","38260504",".","T","C","","","c.387-24T>C","PASS","intron","","6","64160","0","1","0.00009352","0","6883","0","0","4652","0","6","34017","0","0","3238","0","0","7689","0","0","491","0","0","7190","0"
"X","38260531","rs149795059","A","G","p.Val130Val","p.Val130Val","c.390A>G","PASS","synonymous","","6","78710","0","1","0.00007623","0","8013","0","0","6073","0","6","42583","0","0","4046","0","0","8856","0","0","575","0","0","8564","0"
"X","38260544",".","G","A","p.Ala135Thr","p.Ala135Thr","c.403G>A","PASS","missense","","1","81219","0","1","0.00001231","0","8131","0","0","6241","0","0","44132","0","0","4188","0","0","9013","0","0","592","0","1","8922","0"
"X","38260561",".","T","C","p.Ala140Ala","p.Ala140Ala","c.420T>C","PASS","synonymous","","1","82232","0","1","0.00001216","0","8165","0","0","6284","0","1","44775","0","0","4213","0","0","9063","0","0","599","0","0","9133","0"
"X","38260567",".","G","A","p.Val142Val","p.Val142Val","c.426G>A","PASS","synonymous","","1","83123","0","1","0.00001203","0","8225","0","0","6354","0","0","45272","0","0","4287","0","1","9102","0","0","609","0","0","9274","0"
"X","38260570","rs145777402","T","C","p.Tyr143Tyr","p.Tyr143Tyr","c.429T>C","PASS","synonymous","","102","83316","0","12","0.001224","93","8248","0","0","6370","0","0","45395","0","0","4294","0","9","9106","0","0","609","0","0","9294","0"
"X","38260589",".","A","T","p.Thr150Ser","p.Thr150Ser","c.448A>T","PASS","missense","","1","84556","0","1","0.00001183","0","8315","0","0","6453","0","1","46151","0","0","4370","0","0","9177","0","0","615","0","0","9475","0"
"X","38260590",".","C","T","p.Thr150Ile","p.Thr150Ile","c.449C>T","PASS","missense","","9","84600","0","8","0.0001064","0","8320","0","0","6457","0","3","46179","0","6","4373","0","0","9178","0","0","614","0","0","9479","0"
"X","38260590",".","C","A","p.Thr150Asn","p.Thr150Asn","c.449C>A","PASS","missense","","2","84600","0","0","0.00002364","1","8320","0","0","6457","0","0","46179","0","0","4373","0","1","9178","0","0","614","0","0","9479","0"
"X","38260618",".","T","G","p.Ile159Met","p.Ile159Met","c.477T>G","PASS","missense","","1","86161","0","0","0.00001161","0","8437","0","0","6556","0","1","47116","0","0","4462","0","0","9246","0","0","622","0","0","9722","0"
"X","38260627",".","G","C","p.Gly162Gly","p.Gly162Gly","c.486G>C","PASS","synonymous","","1","86351","0","0","0.00001158","0","8446","0","0","6568","0","1","47238","0","0","4464","0","0","9246","0","0","622","0","0","9767","0"
"X","38260627",".","G","T","p.Gly162Gly","p.Gly162Gly","c.486G>T","PASS","synonymous","","1","86351","0","0","0.00001158","0","8446","0","0","6568","0","0","47238","0","0","4464","0","0","9246","0","0","622","0","1","9767","0"
"X","38260630",".","G","T","p.Leu163Leu","p.Leu163Leu","c.489G>T","PASS","synonymous","","1","86387","0","0","0.00001158","0","8448","0","0","6567","0","1","47265","0","0","4463","0","0","9247","0","0","622","0","0","9775","0"
"X","38260639",".","G","T","p.Leu166Phe","p.Leu166Phe","c.498G>T","PASS","missense","","2","86437","0","1","0.00002314","0","8454","0","0","6572","0","2","47290","0","0","4467","0","0","9243","0","0","623","0","0","9788","0"
"X","38260663",".","T","G","p.Ala174Ala","p.Ala174Ala","c.522T>G","PASS","synonymous","","1","86281","0","1","0.00001159","0","8453","0","0","6565","0","0","47204","0","0","4448","0","0","9227","0","0","621","0","1","9763","0"
"X","38260670","rs148961194","C","T","p.Leu177Phe","p.Leu177Phe","c.529C>T","PASS","missense","","1","85978","0","0","0.00001163","1","8435","0","0","6543","0","0","47016","0","0","4436","0","0","9218","0","0","619","0","0","9711","0"
"X","38260675",".","G","A","p.Thr178Thr","p.Thr178Thr","c.534G>A","PASS","synonymous","","8","85560","0","5","0.00009350","0","8413","0","1","6523","0","2","46752","0","0","4416","0","0","9194","0","0","618","0","5","9644","0"
"X","38260709",".","G","C","","","c.540+28G>C","PASS","intron","","7","83681","0","0","0.00008365","0","8325","0","0","6379","0","0","45601","0","0","4334","0","7","9071","0","0","604","0","0","9367","0"
"X","38260712",".","C","T","","","c.540+31C>T","PASS","intron","","1","83422","0","0","0.00001199","0","8307","0","0","6361","0","1","45450","0","0","4318","0","0","9063","0","0","600","0","0","9323","0"
"X","38260724",".","A","G","","","c.540+43A>G","PASS","intron","","2","82517","0","0","0.00002424","0","8247","0","0","6292","0","0","44914","0","0","4288","0","2","8997","0","0","592","0","0","9187","0"
"X","38262821",".","A","G","","","c.541-50A>G","PASS","intron","","1","87192","0","1","0.00001147","0","8462","0","0","6605","0","1","47761","0","0","4503","0","0","9265","0","0","621","0","0","9975","0"
"X","38262827",".","G","A","","","c.541-44G>A","PASS","intron","","1","87181","0","0","0.00001147","0","8463","0","0","6602","0","0","47755","0","0","4502","0","1","9264","0","0","621","0","0","9974","0"
"X","38262834",".","C","T","","","c.541-37C>T","PASS","intron","","1","87206","0","1","0.00001147","0","8466","0","0","6606","0","0","47775","0","0","4505","0","0","9265","0","0","621","0","1","9968","0"
"X","38262835",".","G","A","","","c.541-36G>A","PASS","intron","","14","87208","0","4","0.0001605","0","8467","0","5","6608","0","4","47771","0","0","4502","0","0","9263","0","0","622","0","5","9975","0"
"X","38262836",".","C","G","","","c.541-35C>G","PASS","intron","","1","87243","0","0","0.00001146","0","8470","0","1","6610","0","0","47787","0","0","4504","0","0","9266","0","0","622","0","0","9984","0"
"X","38262837",".","C","T","","","c.541-34C>T","PASS","intron","","1","87241","0","0","0.00001146","0","8471","0","0","6609","0","0","47783","0","1","4506","0","0","9267","0","0","622","0","0","9983","0"
"X","38262860",".","G","A","","","c.541-11G>A","PASS","intron","","5","87336","0","2","0.00005725","1","8480","0","0","6611","0","4","47830","0","0","4510","0","0","9272","0","0","625","0","0","10008","0"
"X","38262912",".","C","T","p.Ile194Ile","p.Ile194Ile","c.582C>T","PASS","synonymous","","27","87451","0","9","0.0003087","0","8490","0","0","6608","0","26","47887","0","0","4518","0","0","9280","0","0","626","0","1","10042","0"
"X","38262912",".","C","A","p.Ile194Ile","p.Ile194Ile","c.582C>A","PASS","synonymous","","2","87451","0","2","0.00002287","0","8490","0","0","6608","0","2","47887","0","0","4518","0","0","9280","0","0","626","0","0","10042","0"
"X","38262942",".","C","G","p.Ile204Met","p.Ile204Met","c.612C>G","PASS","missense","","1","87525","0","1","0.00001143","0","8498","0","0","6616","0","0","47912","0","0","4521","0","0","9288","0","0","630","0","1","10060","0"
"X","38262951",".","C","T","p.Ser207Ser","p.Ser207Ser","c.621C>T","PASS","synonymous","","16","87520","0","5","0.0001828","0","8497","0","11","6614","0","0","47911","0","0","4521","0","4","9286","0","0","630","0","1","10061","0"
"X","38262952",".","G","T","p.Ala208Ser","p.Ala208Ser","c.622G>T","PASS","missense","","1","87522","0","0","0.00001143","0","8497","0","0","6614","0","1","47915","0","0","4521","0","0","9288","0","0","630","0","0","10057","0"
"X","38262955",".","G","T","p.Ala209Ser","p.Ala209Ser","c.625G>T","PASS","missense","","1","87508","0","1","0.00001143","0","8495","0","0","6612","0","1","47906","0","0","4520","0","0","9287","0","0","630","0","0","10058","0"
"X","38262956",".","C","G","p.Ala209Gly","p.Ala209Gly","c.626C>G","PASS","missense","","6","87517","0","1","0.00006856","0","8494","0","0","6612","0","6","47912","0","0","4521","0","0","9288","0","0","630","0","0","10060","0"
"X","38262957",".","G","A","p.Ala209Ala","p.Ala209Ala","c.627G>A","PASS","synonymous","","1","87506","0","0","0.00001143","0","8494","0","1","6614","0","0","47903","0","0","4519","0","0","9290","0","0","630","0","0","10056","0"
"X","38262964",".","G","A","p.Gly212Arg","p.Gly212Arg","c.634G>A","PASS","missense","","4","87522","0","3","0.00004570","0","8497","0","1","6612","0","3","47913","0","0","4520","0","0","9289","0","0","630","0","0","10061","0"
"X","38262969",".","G","A","p.Met213Ile","p.Met213Ile","c.639G>A","PASS","missense","","1","87502","0","0","0.00001143","0","8493","0","1","6608","0","0","47898","0","0","4523","0","0","9291","0","0","630","0","0","10059","0"
"X","38262986",".","C","A","p.Thr219Asn","p.Thr219Asn","c.656C>A","PASS","missense","","1","87437","0","0","0.00001144","0","8477","0","1","6604","0","0","47858","0","0","4523","0","0","9286","0","0","629","0","0","10060","0"
"X","38263000",".","A","C","c.663+7A>C","","c.663+7A>C","PASS","splice region","","1","87356","0","0","0.00001145","0","8468","0","0","6599","0","1","47815","0","0","4520","0","0","9277","0","0","627","0","0","10050","0"
"X","38263010",".","C","T","","","c.663+17C>T","PASS","intron","","28","87243","0","17","0.0003209","0","8446","0","0","6588","0","0","47762","0","0","4515","0","0","9266","0","0","627","0","28","10039","0"
"X","38263022",".","C","A","","","c.663+29C>A","PASS","intron","","3","87143","0","0","0.00003443","0","8432","0","3","6576","0","0","47721","0","0","4515","0","0","9255","0","0","626","0","0","10018","0"
"X","38263035",".","T","A","","","c.663+42T>A","PASS","intron","","1","87019","0","1","0.00001149","0","8414","0","0","6553","0","1","47663","0","0","4516","0","0","9243","0","0","626","0","0","10004","0"
"X","38263038",".","T","G","","","c.663+45T>G","PASS","intron","","1","86973","0","0","0.00001150","0","8405","0","0","6553","0","1","47648","0","0","4512","0","0","9237","0","0","626","0","0","9992","0"
"X","38263043","rs957415","A","G","","","c.663+50A>G","PASS","intron","","255","86878","0","117","0.002935","6","8392","0","0","6548","0","204","47592","0","5","4509","0","3","9230","0","1","625","0","36","9982","0"
"X","38263044",".","G","A","","","c.663+51G>A","PASS","intron","","1","86889","0","0","0.00001151","0","8390","0","0","6547","0","1","47602","0","0","4509","0","0","9231","0","0","626","0","0","9984","0"
"X","38267952",".","T","C","","","c.664-43T>C","PASS","intron","","1","44854","0","0","0.00002229","1","5015","0","0","2234","0","0","22970","0","0","2060","0","0","6135","0","0","356","0","0","6084","0"
"X","38267971",".","A","G","","","c.664-24A>G","PASS","intron","","1","56083","0","0","0.00001783","0","6202","0","0","3720","0","1","29219","0","0","2732","0","0","7104","0","0","422","0","0","6684","0"
"X","38267988",".","C","T","c.664-7C>T","","c.664-7C>T","PASS","splice region","","2","73316","0","2","0.00002728","0","7666","0","0","5583","0","0","39277","0","0","3716","0","0","8413","0","0","538","0","2","8123","0"
"X","38267995",".","G","A","p.Gly222Ser","p.Gly222Ser","c.664G>A","PASS","missense","","8","78219","0","2","0.0001023","0","7993","0","0","5967","0","0","42245","0","0","4050","0","0","8752","0","0","561","0","8","8651","0"
"X","38268001",".","G","C","p.Glu224Gln","p.Glu224Gln","c.670G>C","PASS","missense","","1","80293","0","0","0.00001245","0","8120","0","0","6153","0","1","43470","0","0","4188","0","0","8883","0","0","574","0","0","8905","0"
"X","38268003",".","G","A","p.Glu224Glu","p.Glu224Glu","c.672G>A","PASS","synonymous","","2","80845","0","0","0.00002474","0","8151","0","0","6193","0","2","43806","0","0","4218","0","0","8915","0","0","575","0","0","8987","0"
"X","38268006",".","G","A","p.Pro225Pro","p.Pro225Pro","c.675G>A","PASS","synonymous","","5","81709","0","2","0.00006119","0","8197","0","0","6253","0","4","44340","0","0","4275","0","0","8960","0","0","583","0","1","9101","0"
"X","38268036",".","G","C","p.Gln235His","p.Gln235His","c.705G>C","PASS","missense","","1","85117","0","1","0.00001175","0","8383","0","0","6481","0","1","46440","0","0","4439","0","0","9156","0","0","612","0","0","9606","0"
"X","38268039",".","T","C","p.Tyr236Tyr","p.Tyr236Tyr","c.708T>C","PASS","synonymous","","1","85299","0","0","0.00001172","0","8391","0","0","6490","0","1","46554","0","0","4442","0","0","9164","0","0","616","0","0","9642","0"
"X","38268044",".","A","G","p.Lys238Arg","p.Lys238Arg","c.713A>G","PASS","missense","","1","85607","0","0","0.00001168","0","8400","0","0","6508","0","1","46730","0","0","4469","0","0","9182","0","0","619","0","0","9699","0"
"X","38268053",".","G","A","c.717+5G>A","","c.717+5G>A","PASS","splice region","","2","85986","0","2","0.00002326","0","8421","0","1","6522","0","0","46971","0","0","4479","0","1","9198","0","0","620","0","0","9775","0"
"X","38268056",".","C","G","c.717+8C>G","","c.717+8C>G","PASS","splice region","","5","86109","0","3","0.00005807","0","8432","0","0","6532","0","0","47046","0","0","4487","0","0","9202","0","0","620","0","5","9790","0"
"X","38268059",".","T","C","","","c.717+11T>C","PASS","intron","","7","86247","0","2","0.00008116","0","8441","0","7","6539","0","0","47126","0","0","4491","0","0","9209","0","0","623","0","0","9818","0"
"X","38268061",".","C","T","","","c.717+13C>T","PASS","intron","","2","86345","0","1","0.00002316","2","8449","0","0","6541","0","0","47179","0","0","4493","0","0","9216","0","0","623","0","0","9844","0"
"X","38268063",".","T","C","","","c.717+15T>C","PASS","intron","","2","86414","0","1","0.00002314","0","8453","0","0","6546","0","2","47212","0","0","4494","0","0","9225","0","0","624","0","0","9860","0"
"X","38268068",".","A","G","","","c.717+20A>G","PASS","intron","","1","86637","0","0","0.00001154","0","8465","0","0","6555","0","0","47355","0","0","4500","0","0","9236","0","0","625","0","1","9901","0"
"X","38268076",".","T","C","","","c.717+28T>C","PASS","intron","","1","86955","0","1","0.00001150","0","8482","0","0","6565","0","0","47551","0","0","4505","0","0","9253","0","0","627","0","1","9972","0"
"X","38268079","rs184054006","C","T","","","c.717+31C>T","PASS","intron","","23","87044","0","5","0.0002642","4","8492","0","0","6570","0","11","47605","0","0","4509","0","6","9254","0","2","627","0","0","9987","0"
"X","38268111","rs55903043","C","T","","","c.718-18C>T","PASS","intron","","3","87620","0","1","0.00003424","0","8513","0","0","6603","0","2","47949","0","0","4518","0","1","9292","0","0","632","0","0","10113","0"
"X","38268111","rs55903043","C","A","","","c.718-18C>A","PASS","intron","","1","87620","0","0","0.00001141","0","8513","0","0","6603","0","1","47949","0","0","4518","0","0","9292","0","0","632","0","0","10113","0"
"X","38268115","rs55722856","T","C","","","c.718-14T>C","PASS","intron","","1811","87636","139","385","0.02067","1643","8509","139","45","6605","0","15","47959","0","0","4519","0","91","9296","0","1","632","0","16","10116","0"
"X","38268119",".","T","C","","","c.718-10T>C","PASS","intron","","1","87652","0","0","0.00001141","0","8515","0","0","6607","0","1","47964","0","0","4519","0","0","9301","0","0","631","0","0","10115","0"
"X","38268122",".","A","G","c.718-7A>G","","c.718-7A>G","PASS","splice region","","1","87663","0","0","0.00001141","0","8515","0","0","6609","0","1","47969","0","0","4520","0","0","9300","0","0","632","0","0","10118","0"
"X","38268162","rs36005267","T","C","p.Leu251Leu","p.Leu251Leu","c.751T>C","PASS","synonymous","","224","87696","4","42","0.002554","207","8516","4","0","6618","0","4","47979","0","0","4525","0","13","9306","0","0","631","0","0","10121","0"
"X","38268165",".","G","C","p.Glu252Gln","p.Glu252Gln","c.754G>C","PASS","missense","","2","87697","0","0","0.00002281","0","8516","0","0","6619","0","0","47978","0","0","4525","0","0","9307","0","0","631","0","2","10121","0"
"X","38268172",".","C","T","p.Ala254Val","p.Ala254Val","c.761C>T","PASS","missense","","1","87682","0","1","0.00001140","0","8516","0","0","6617","0","0","47975","0","0","4523","0","1","9300","0","0","631","0","0","10120","0"
"X","38268175",".","A","G","p.His255Arg","p.His255Arg","c.764A>G","PASS","missense","","1","87680","0","1","0.00001141","0","8516","0","0","6612","0","1","47976","0","0","4524","0","0","9301","0","0","631","0","0","10120","0"
"X","38268184","rs142592280","A","G","p.Asn258Ser","p.Asn258Ser","c.773A>G","PASS","missense","","1","87683","0","0","0.00001140","0","8516","0","0","6613","0","1","47975","0","0","4523","0","0","9304","0","0","632","0","0","10120","0"
"X","38268185",".","T","C","p.Asn258Asn","p.Asn258Asn","c.774T>C","PASS","synonymous","","1","87680","0","1","0.00001141","0","8516","0","0","6611","0","0","47975","0","0","4523","0","0","9303","0","0","632","0","1","10120","0"
"X","38268212",".","C","T","p.Ser267Ser","p.Ser267Ser","c.801C>T","PASS","synonymous","","1","87596","0","0","0.00001142","0","8480","0","0","6605","0","0","47941","0","0","4523","0","1","9301","0","0","631","0","0","10115","0"
"X","38268219","rs72558451","C","G","p.Gln270Glu","p.Gln270Glu","c.808C>G","PASS","missense","","4","87564","0","2","0.00004568","0","8464","0","0","6603","0","3","47928","0","1","4524","0","0","9302","0","0","630","0","0","10113","0"
"X","38268220","rs1800328","A","G","p.Gln270Arg","p.Gln270Arg","c.809A>G","PASS","missense","","2566","87540","31","1045","0.02931","52","8466","0","0","6599","0","2096","47906","29","161","4524","2","116","9303","0","20","630","0","121","10112","0"
"X","38268247",".","A","G","p.Gln279Arg","p.Gln279Arg","c.836A>G","PASS","missense","","1","87260","0","1","0.00001146","0","8328","0","0","6580","0","1","47814","0","0","4523","0","0","9292","0","0","629","0","0","10094","0"
"X","38268274",".","T","G","p.Met288Arg","p.Met288Arg","c.863T>G","PASS","missense","","1","86866","0","1","0.00001151","0","8180","0","0","6559","0","1","47652","0","0","4521","0","0","9278","0","0","626","0","0","10050","0"
"X","38268305",".","T","C","","","c.867+27T>C","PASS","intron","","11","86152","0","1","0.0001277","11","7990","0","0","6522","0","0","47298","0","0","4507","0","0","9253","0","0","623","0","0","9959","0"
"X","38268313","rs62622415","T","G","","","c.867+35T>G","PASS","intron","","1977","85867","21","740","0.02302","82","7953","0","0","6509","0","1596","47117","19","92","4498","0","143","9238","2","12","623","0","52","9929","0"
"X","38268327",".","C","A","","","c.867+49C>A","PASS","intron","","1","85029","0","0","0.00001176","0","7847","0","1","6420","0","0","46626","0","0","4491","0","0","9218","0","0","618","0","0","9809","0"
"X","38271072",".","C","T","","","c.868-43C>T","PASS","intron","","1","87169","0","0","0.00001147","1","8435","0","0","6539","0","0","47678","0","0","4512","0","0","9270","0","0","631","0","0","10104","0"
"X","38271077",".","A","G","","","c.868-38A>G","PASS","intron","","9","87181","0","4","0.0001032","0","8434","0","0","6545","0","9","47681","0","0","4514","0","0","9272","0","0","631","0","0","10104","0"
"X","38271089",".","A","G","","","c.868-26A>G","PASS","intron","","1","87249","0","1","0.00001146","0","8448","0","0","6550","0","1","47716","0","0","4516","0","0","9280","0","0","632","0","0","10107","0"
"X","38271099",".","A","G","","","c.868-16A>G","PASS","intron","","3","87356","0","2","0.00003434","0","8458","0","0","6571","0","0","47784","0","0","4516","0","0","9285","0","0","632","0","3","10110","0"
"X","38271102",".","C","A","","","c.868-13C>A","PASS","intron","","2","87400","0","0","0.00002288","2","8462","0","0","6581","0","0","47807","0","0","4520","0","0","9288","0","0","632","0","0","10110","0"
"X","38271102",".","C","T","","","c.868-13C>T","PASS","intron","","3","87400","0","1","0.00003432","0","8462","0","0","6581","0","0","47807","0","0","4520","0","0","9288","0","0","632","0","3","10110","0"
"X","38271107",".","C","T","c.868-8C>T","","c.868-8C>T","PASS","splice region","","1","87455","0","0","0.00001143","1","8470","0","0","6592","0","0","47833","0","0","4524","0","0","9294","0","0","633","0","0","10109","0"
"X","38271121",".","A","G","p.Lys292Glu","p.Lys292Glu","c.874A>G","PASS","missense","","1","87576","0","0","0.00001142","0","8487","0","0","6603","0","0","47905","0","0","4526","0","0","9306","0","0","633","0","1","10116","0"
"X","38271143",".","C","T","p.Thr299Ile","p.Thr299Ile","c.896C>T","PASS","missense","","4","87679","0","2","0.00004562","0","8499","0","0","6620","0","0","47961","0","0","4529","0","0","9318","0","0","633","0","4","10119","0"
"X","38271162",".","C","G","p.Pro305Pro","p.Pro305Pro","c.915C>G","PASS","synonymous","","1","87698","0","0","0.00001140","0","8505","0","0","6619","0","1","47975","0","0","4529","0","0","9316","0","0","632","0","0","10122","0"
"X","38271188","rs137899554","A","C","p.Glu314Ala","p.Glu314Ala","c.941A>C","PASS","missense","","12","87705","0","3","0.0001368","12","8508","0","0","6621","0","0","47973","0","0","4530","0","0","9318","0","0","632","0","0","10123","0"
"X","38271199",".","T","G","p.Ser318Ala","p.Ser318Ala","c.952T>G","PASS","missense","","1","87694","0","1","0.00001140","0","8507","0","0","6618","0","0","47966","0","0","4530","0","0","9317","0","0","632","0","1","10124","0"
"X","38271204",".","T","C","p.Pro319Pro","p.Pro319Pro","c.957T>C","PASS","synonymous","","1","87680","0","0","0.00001141","0","8508","0","0","6612","0","1","47958","0","0","4530","0","0","9316","0","0","632","0","0","10124","0"
"X","38271230",".","A","G","p.Glu328Gly","p.Glu328Gly","c.983A>G","PASS","missense","","1","87618","0","1","0.00001141","0","8500","0","0","6600","0","0","47923","0","1","4528","0","0","9314","0","0","631","0","0","10122","0"
"X","38271263",".","A","T","","","c.1005+11A>T","PASS","intron","","6","87383","0","2","0.00006866","0","8456","0","0","6577","0","6","47781","0","0","4527","0","0","9305","0","0","630","0","0","10107","0"
"X","38271264",".","A","G","","","c.1005+12A>G","PASS","intron","","1","87369","0","0","0.00001145","0","8456","0","0","6576","0","0","47768","0","0","4527","0","1","9305","0","0","630","0","0","10107","0"
"X","38271272",".","T","C","","","c.1005+20T>C","PASS","intron","","7","87281","0","2","0.00008020","0","8449","0","0","6562","0","7","47712","0","0","4525","0","0","9302","0","0","630","0","0","10101","0"
"X","38271276",".","G","A","","","c.1005+24G>A","PASS","intron","","2","87243","0","2","0.00002292","0","8441","0","0","6559","0","2","47693","0","0","4525","0","0","9299","0","0","630","0","0","10096","0"
"X","38271278",".","A","G","","","c.1005+26A>G","PASS","intron","","5","87241","0","4","0.00005731","0","8447","0","0","6555","0","5","47688","0","0","4524","0","0","9302","0","0","630","0","0","10095","0"
"X","38271299",".","A","G","","","c.1005+47A>G","PASS","intron","","6","86979","0","2","0.00006898","0","8410","0","0","6521","0","6","47521","0","0","4521","0","0","9295","0","0","630","0","0","10081","0"
"X","38280233",".","G","A","","","c.1006-43G>A","PASS","intron","","15","81040","0","6","0.0001851","2","8132","0","0","6137","0","13","43954","0","0","4272","0","0","8832","0","0","588","0","0","9125","0"
"X","38280238",".","T","C","","","c.1006-38T>C","PASS","intron","","1","81547","0","1","0.00001226","0","8175","0","0","6183","0","0","44249","0","0","4291","0","0","8883","0","0","591","0","1","9175","0"
"X","38280247",".","ATTTC","A","","","c.1006-17_1006-14delCTTT","PASS","intron","","1","81967","0","0","0.00001220","0","8190","0","0","6236","0","1","44510","0","0","4320","0","0","8911","0","0","593","0","0","9207","0"
"X","38280247",".","A","ATTTC","","","c.1006-17_1006-14dupCTTT","PASS","intron","","1","81967","0","1","0.00001220","0","8190","0","0","6236","0","0","44510","0","0","4320","0","0","8911","0","0","593","0","1","9207","0"
"X","38280262","rs188215770","T","C","","","c.1006-14T>C","PASS","intron","","7","84235","0","5","0.00008310","0","8308","0","0","6436","0","6","45956","0","0","4395","0","0","9068","0","0","610","0","1","9462","0"
"X","38280271",".","A","G","c.1006-5A>G","","c.1006-5A>G","PASS","splice region","","1","85393","0","0","0.00001171","0","8377","0","0","6510","0","0","46684","0","0","4435","0","0","9137","0","0","619","0","1","9631","0"
"X","38280282",".","A","C","p.Met338Leu","p.Met338Leu","c.1012A>C","PASS","missense","","2","86227","0","1","0.00002319","0","8421","0","0","6562","0","2","47174","0","0","4472","0","0","9186","0","0","619","0","0","9793","0"
"X","38280377",".","A","G","","","c.*42A>G","PASS","3' UTR","","11","85567","0","7","0.0001286","0","8415","0","0","6473","0","0","46709","0","0","4448","0","0","9145","0","0","618","0","11","9759","0"
"X","38280378",".","C","G","","","c.*43C>G","PASS","3' UTR","","1","85487","0","0","0.00001170","0","8414","0","0","6473","0","0","46647","0","0","4444","0","1","9144","0","0","618","0","0","9747","0"