"Chrom","Position","RSID","Reference","Alternate","Consequence","Protein Consequence","Transcript Consequence","Filter","Annotation","Flags","Allele Count","Allele Number","Number of Homozygotes","Allele Frequency","Allele Count African","Allele Number African","Homozygote Count African","Allele Count East Asian","Allele Number East Asian","Homozygote Count East Asian","Allele Count European (Non-Finnish)","Allele Number European (Non-Finnish)","Homozygote Count European (Non-Finnish)","Allele Count Finnish","Allele Number Finnish","Homozygote Count Finnish","Allele Count Latino","Allele Number Latino","Homozygote Count Latino","Allele Count Other","Allele Number Other","Homozygote Count Other","Allele Count South Asian","Allele Number South Asian","Homozygote Count South Asian"
"11","19204172",".","C","A","","","c.*45G>T","PASS","3' UTR","","1","121406","0","0.000008237","0","10406","0","0","8654","0","1","66738","0","0","6612","0","0","11576","0","0","908","0","0","16512","0"
"11","19204187",".","C","A","","","c.*30G>T","PASS","3' UTR","","1","121408","0","0.000008237","0","10406","0","0","8654","0","1","66738","0","0","6614","0","0","11576","0","0","908","0","0","16512","0"
"11","19204188",".","G","A","","","c.*29C>T","PASS","3' UTR","","4","121410","0","0.00003295","0","10406","0","0","8654","0","4","66740","0","0","6614","0","0","11576","0","0","908","0","0","16512","0"
"11","19204191",".","A","G","","","c.*26T>C","PASS","3' UTR","","1","121412","0","0.000008236","0","10406","0","0","8654","0","0","66740","0","0","6614","0","0","11578","0","0","908","0","1","16512","0"
"11","19204192",".","A","G","","","c.*25T>C","PASS","3' UTR","","1","121410","0","0.000008237","0","10406","0","0","8654","0","1","66740","0","0","6612","0","0","11578","0","0","908","0","0","16512","0"
"11","19204205","rs45607943","C","T","","","c.*12G>A","PASS","3' UTR","","51","121410","0","0.0004201","31","10406","0","0","8654","0","9","66740","0","0","6612","0","7","11578","0","0","908","0","4","16512","0"
"11","19204206",".","G","C","","","c.*11C>G","PASS","3' UTR","","1","121410","0","0.000008237","0","10406","0","0","8654","0","1","66740","0","0","6612","0","0","11578","0","0","908","0","0","16512","0"
"11","19204208",".","C","T","","","c.*9G>A","PASS","3' UTR","","3","121410","0","0.00002471","0","10406","0","0","8654","0","2","66740","0","0","6612","0","0","11578","0","0","908","0","1","16512","0"
"11","19204209",".","G","A","","","c.*8C>T","PASS","3' UTR","","9","121408","0","0.00007413","1","10406","0","5","8654","0","2","66738","0","0","6612","0","0","11578","0","0","908","0","1","16512","0"
"11","19204211",".","A","G","","","c.*6T>C","PASS","3' UTR","","1","121406","0","0.000008237","0","10406","0","0","8654","0","0","66738","0","0","6612","0","1","11576","0","0","908","0","0","16512","0"
"11","19204218",".","C","T","p.Ter195Ter","p.Ter195Ter","c.584G>A","PASS","stop retained","","1","121406","0","0.000008237","1","10406","0","0","8654","0","0","66738","0","0","6612","0","0","11576","0","0","908","0","0","16512","0"
"11","19204219",".","A","G","p.Ter195ArgextTer33","p.Ter195ArgextTer33","c.583T>C","PASS","stop lost","","1","121406","0","0.000008237","0","10406","0","0","8654","0","1","66738","0","0","6612","0","0","11576","0","0","908","0","0","16512","0"
"11","19204226","rs141100524","C","G","p.Lys192Asn","p.Lys192Asn","c.576G>C","PASS","missense","","2","121404","0","0.00001647","0","10406","0","0","8654","0","2","66738","0","0","6612","0","0","11574","0","0","908","0","0","16512","0"
"11","19204234","rs145073736","C","A","p.Val190Leu","p.Val190Leu","c.568G>T","PASS","missense","","10","121406","0","0.00008237","0","10406","0","0","8654","0","10","66738","0","0","6612","0","0","11576","0","0","908","0","0","16512","0"
"11","19204237",".","G","A","p.Gln189Ter","p.Gln189Ter","c.565C>T","PASS","stop gained","LC LoF","1","121404","0","0.000008237","0","10406","0","0","8654","0","0","66736","0","1","6612","0","0","11576","0","0","908","0","0","16512","0"
"11","19204241","rs181530945","T","C","p.Thr187Thr","p.Thr187Thr","c.561A>G","PASS","synonymous","","1","121402","0","0.000008237","1","10406","0","0","8654","0","0","66736","0","0","6612","0","0","11574","0","0","908","0","0","16512","0"
"11","19204247",".","G","A","p.Gly185Gly","p.Gly185Gly","c.555C>T","PASS","synonymous","","1","121404","0","0.000008237","0","10406","0","0","8654","0","0","66736","0","0","6612","0","0","11576","0","0","908","0","1","16512","0"
"11","19204258","rs111868331","C","G","p.Gly182Arg","p.Gly182Arg","c.544G>C","PASS","missense","","4","121398","0","0.00003295","4","10406","0","0","8654","0","0","66732","0","0","6612","0","0","11574","0","0","908","0","0","16512","0"
"11","19204264",".","C","A","p.Gly180Cys","p.Gly180Cys","c.538G>T","PASS","missense","","18","121394","0","0.0001483","0","10406","0","0","8652","0","0","66734","0","0","6612","0","0","11570","0","0","908","0","18","16512","0"
"11","19204266","rs142019584","G","A","p.Thr179Met","p.Thr179Met","c.536C>T","PASS","missense","","3","121396","0","0.00002471","1","10406","0","0","8654","0","0","66734","0","0","6612","0","1","11570","0","1","908","0","0","16512","0"
"11","19204267",".","T","C","p.Thr179Ala","p.Thr179Ala","c.535A>G","PASS","missense","","2","121394","0","0.00001648","0","10406","0","0","8654","0","1","66734","0","0","6612","0","0","11568","0","0","908","0","1","16512","0"
"11","19204268",".","G","C","p.Pro178Pro","p.Pro178Pro","c.534C>G","PASS","synonymous","","1","121392","0","0.000008238","0","10406","0","0","8652","0","1","66732","0","0","6612","0","0","11570","0","0","908","0","0","16512","0"
"11","19204269",".","G","A","p.Pro178Leu","p.Pro178Leu","c.533C>T","PASS","missense","","1","121390","0","0.000008238","0","10406","0","0","8652","0","1","66730","0","0","6612","0","0","11570","0","0","908","0","0","16512","0"
"11","19204270",".","G","A","p.Pro178Ser","p.Pro178Ser","c.532C>T","PASS","missense","","1","121390","0","0.000008238","0","10406","0","0","8652","0","1","66730","0","0","6612","0","0","11570","0","0","908","0","0","16512","0"
"11","19204270",".","G","C","p.Pro178Ala","p.Pro178Ala","c.532C>G","PASS","missense","","1","121390","0","0.000008238","0","10406","0","0","8652","0","1","66730","0","0","6612","0","0","11570","0","0","908","0","0","16512","0"
"11","19204273",".","C","T","p.Gly177Ser","p.Gly177Ser","c.529G>A","PASS","missense","","1","121390","0","0.000008238","0","10406","0","0","8652","0","0","66730","0","1","6612","0","0","11570","0","0","908","0","0","16512","0"
"11","19204283",".","G","A","p.Ala173Ala","p.Ala173Ala","c.519C>T","PASS","synonymous","","2","121380","0","0.00001648","0","10406","0","1","8652","0","1","66724","0","0","6612","0","0","11568","0","0","908","0","0","16510","0"
"11","19204285",".","CA","C","p.Tyr172Ter","p.Tyr172Ter","c.516delT","PASS","frameshift","","1","121374","0","0.000008239","1","10406","0","0","8652","0","0","66722","0","0","6612","0","0","11564","0","0","908","0","0","16510","0"
"11","19204286",".","A","G","p.Tyr172Tyr","p.Tyr172Tyr","c.516T>C","PASS","synonymous","","1","121374","0","0.000008239","0","10404","0","1","8652","0","0","66724","0","0","6612","0","0","11564","0","0","908","0","0","16510","0"
"11","19204289",".","G","A","p.Cys171Cys","p.Cys171Cys","c.513C>T","PASS","synonymous","","4","121370","0","0.00003296","0","10406","0","0","8652","0","4","66724","0","0","6612","0","0","11558","0","0","908","0","0","16510","0"
"11","19204294",".","CTG","C","c.509-3_509-2delCA","","c.509-3_509-2delCA","PASS","splice acceptor","","3","121348","0","0.00002472","0","10404","0","0","8650","0","3","66712","0","0","6610","0","0","11556","0","0","908","0","0","16508","0"
"11","19204309",".","G","A","","","c.509-16C>T","PASS","intron","","3","121228","0","0.00002475","2","10394","0","0","8622","0","1","66658","0","0","6606","0","0","11538","0","0","906","0","0","16504","0"
"11","19204313",".","G","A","","","c.509-20C>T","PASS","intron","","2","121172","0","0.00001651","0","10390","0","0","8612","0","1","66628","0","0","6600","0","0","11534","0","1","906","0","0","16502","0"
"11","19204316",".","G","A","","","c.509-23C>T","PASS","intron","","1","121140","0","0.000008255","0","10388","0","0","8606","0","1","66604","0","0","6600","0","0","11534","0","0","906","0","0","16502","0"
"11","19204317",".","G","C","","","c.509-24C>G","PASS","intron","","75","121136","0","0.0006191","0","10388","0","0","8604","0","0","66602","0","0","6600","0","0","11534","0","0","906","0","75","16502","0"
"11","19204320",".","G","C","","","c.509-27C>G","PASS","intron","","1","121098","0","0.000008258","0","10386","0","0","8598","0","1","66580","0","0","6596","0","0","11530","0","0","906","0","0","16502","0"
"11","19204323",".","A","T","","","c.509-30T>A","PASS","intron","","1","121064","0","0.000008260","0","10378","0","0","8598","0","1","66552","0","0","6596","0","0","11532","0","0","906","0","0","16502","0"
"11","19204324",".","C","A","","","c.509-31G>T","PASS","intron","","2","121048","0","0.00001652","0","10380","0","0","8590","0","2","66546","0","0","6596","0","0","11528","0","0","906","0","0","16502","0"
"11","19204326",".","A","G","","","c.509-33T>C","PASS","intron","","1","121044","0","0.000008261","1","10380","0","0","8588","0","0","66546","0","0","6596","0","0","11528","0","0","906","0","0","16500","0"
"11","19204329",".","C","G","","","c.509-36G>C","PASS","intron","","1","120964","0","0.000008267","0","10374","0","0","8574","0","1","66500","0","0","6590","0","0","11524","0","0","906","0","0","16496","0"
"11","19204333",".","G","A","","","c.509-40C>T","PASS","intron","","1","120872","0","0.000008273","0","10370","0","0","8540","0","1","66458","0","0","6586","0","0","11514","0","0","906","0","0","16498","0"
"11","19204343",".","A","AT","","","c.509-51dupA","PASS","intron","","4","120244","0","0.00003327","0","10310","0","1","8444","0","3","66096","0","0","6584","0","0","11430","0","0","904","0","0","16476","0"
"11","19204343",".","AT","A","","","c.509-51delA","PASS","intron","","1","120244","0","0.000008316","0","10310","0","0","8444","0","0","66096","0","0","6584","0","0","11430","0","0","904","0","1","16476","0"
"11","19206453",".","C","G","","","c.508+46G>C","PASS","intron","","1","118772","0","0.000008419","0","10182","0","0","8144","0","1","65462","0","0","6504","0","0","11320","0","0","892","0","0","16268","0"
"11","19206468",".","A","G","","","c.508+31T>C","PASS","intron","","1","119748","0","0.000008351","0","10272","0","0","8276","0","0","65998","0","0","6548","0","0","11418","0","0","892","0","1","16344","0"
"11","19206481","rs144404101","G","A","","","c.508+18C>T","PASS","intron","","111","120888","0","0.0009182","104","10380","0","0","8546","0","1","66516","0","0","6592","0","4","11518","0","2","906","0","0","16430","0"
"11","19206490",".","A","G","","","c.508+9T>C","PASS","intron","","17","121212","0","0.0001403","0","10402","0","0","8626","0","1","66654","0","0","6600","0","1","11542","0","1","908","0","14","16480","0"
"11","19206497",".","A","G","c.508+2T>C","","c.508+2T>C","PASS","splice donor","","1","121280","0","0.000008245","0","10404","0","0","8638","0","1","66688","0","0","6602","0","0","11550","0","0","908","0","0","16490","0"
"11","19206499",".","C","G","p.Val170Leu","p.Val170Leu","c.508G>C","PASS","missense","","1","121302","0","0.000008244","0","10404","0","0","8642","0","0","66694","0","0","6604","0","0","11556","0","0","908","0","1","16494","0"
"11","19206511","rs150114628","G","C","p.Leu166Val","p.Leu166Val","c.496C>G","PASS","missense","","1","121348","0","0.000008241","1","10404","0","0","8654","0","0","66710","0","0","6610","0","0","11564","0","0","908","0","0","16498","0"
"11","19206518",".","A","G","p.Asp163Asp","p.Asp163Asp","c.489T>C","PASS","synonymous","","1","121366","0","0.000008240","0","10404","0","0","8654","0","1","66720","0","0","6610","0","0","11568","0","0","908","0","0","16502","0"
"11","19206540",".","G","A","p.Ser156Phe","p.Ser156Phe","c.467C>T","PASS","missense","","1","121380","0","0.000008239","0","10406","0","0","8654","0","1","66724","0","0","6612","0","0","11572","0","0","906","0","0","16506","0"
"11","19206542",".","C","T","p.Glu155Glu","p.Glu155Glu","c.465G>A","PASS","synonymous","","4","121380","0","0.00003295","0","10406","0","0","8654","0","1","66724","0","0","6612","0","1","11572","0","0","906","0","2","16506","0"
"11","19206548",".","ACT","A","p.Leu154GlyfsTer7","p.Leu154GlyfsTer7","c.457_458delAG","PASS","frameshift","","2","121370","0","0.00001648","2","10406","0","0","8652","0","0","66720","0","0","6612","0","0","11572","0","0","906","0","0","16502","0"
"11","19206551",".","C","T","p.Lys152Lys","p.Lys152Lys","c.456G>A","PASS","synonymous","","1","121370","0","0.000008239","0","10402","0","1","8652","0","0","66720","0","0","6612","0","0","11572","0","0","906","0","0","16506","0"
"11","19206558",".","C","T","p.Cys150Tyr","p.Cys150Tyr","c.449G>A","PASS","missense","","1","121362","0","0.000008240","0","10406","0","0","8650","0","1","66720","0","0","6610","0","0","11566","0","0","906","0","0","16504","0"
"11","19206561",".","A","T","p.Ile149Asn","p.Ile149Asn","c.446T>A","PASS","missense","","1","121352","0","0.000008240","0","10406","0","1","8650","0","0","66718","0","0","6610","0","0","11562","0","0","906","0","0","16500","0"
"11","19206570",".","C","T","p.Arg146His","p.Arg146His","c.437G>A","PASS","missense","","3","121330","0","0.00002473","0","10404","0","0","8648","0","3","66710","0","0","6608","0","0","11556","0","0","906","0","0","16498","0"
"11","19206571",".","G","A","p.Arg146Cys","p.Arg146Cys","c.436C>T","PASS","missense","","2","121310","0","0.00001649","0","10402","0","0","8648","0","2","66698","0","0","6608","0","0","11554","0","0","906","0","0","16494","0"
"11","19206572",".","G","A","p.Phe145Phe","p.Phe145Phe","c.435C>T","PASS","synonymous","","1","121310","0","0.000008243","0","10404","0","0","8648","0","1","66698","0","0","6608","0","0","11554","0","0","906","0","0","16492","0"
"11","19206573",".","A","C","p.Phe145Cys","p.Phe145Cys","c.434T>G","PASS","missense","","1","121310","0","0.000008243","0","10404","0","0","8648","0","0","66698","0","0","6608","0","1","11552","0","0","906","0","0","16494","0"
"11","19206593",".","C","A","c.415-1G>T","","c.415-1G>T","PASS","splice acceptor","","1","121018","0","0.000008263","1","10372","0","0","8630","0","0","66578","0","0","6586","0","0","11518","0","0","904","0","0","16430","0"
"11","19206605",".","G","A","","","c.415-13C>T","PASS","intron","","1","120496","0","0.000008299","0","10326","0","0","8562","0","0","66310","0","0","6570","0","0","11462","0","0","904","0","1","16362","0"
"11","19206610",".","G","C","","","c.415-18C>G","PASS","intron","","2","120178","0","0.00001664","0","10300","0","0","8524","0","2","66154","0","0","6554","0","0","11424","0","0","900","0","0","16322","0"
"11","19206613",".","G","A","","","c.415-21C>T","PASS","intron","","1","119988","0","0.000008334","0","10284","0","0","8500","0","0","66060","0","0","6542","0","0","11394","0","0","894","0","1","16314","0"
"11","19206621",".","A","C","","","c.415-29T>G","PASS","intron","","1","119592","0","0.000008362","0","10264","0","0","8442","0","1","65850","0","0","6538","0","0","11350","0","0","890","0","0","16258","0"
"11","19206622","rs7103779","A","G","","","c.415-30T>C","PASS","intron","","546","119524","17","0.004568","497","10240","17","0","8436","0","18","65824","0","0","6534","0","25","11338","0","2","890","0","4","16262","0"
"11","19206625",".","A","G","","","c.415-33T>C","PASS","intron","","1","119376","0","0.000008377","0","10230","0","0","8414","0","1","65738","0","0","6530","0","0","11332","0","0","890","0","0","16242","0"
"11","19206628",".","T","C","","","c.415-36A>G","PASS","intron","","1","119208","0","0.000008389","0","10216","0","0","8378","0","1","65658","0","0","6524","0","0","11316","0","0","890","0","0","16226","0"
"11","19206629",".","A","G","","","c.415-37T>C","PASS","intron","","2","119146","0","0.00001679","0","10210","0","0","8376","0","0","65614","0","0","6528","0","0","11310","0","0","890","0","2","16218","0"
"11","19206636",".","A","G","","","c.415-44T>C","PASS","intron","","1","118380","0","0.000008447","0","10152","0","0","8270","0","1","65190","0","0","6504","0","0","11216","0","0","888","0","0","16160","0"
"11","19207719",".","G","A","","","c.414+44C>T","PASS","intron","","6","121394","0","0.00004943","6","10404","0","0","8650","0","0","66728","0","0","6614","0","0","11578","0","0","908","0","0","16512","0"
"11","19207738",".","G","A","","","c.414+25C>T","PASS","intron","","1","121400","0","0.000008237","1","10404","0","0","8652","0","0","66732","0","0","6614","0","0","11578","0","0","908","0","0","16512","0"
"11","19207747",".","A","G","","","c.414+16T>C","PASS","intron","","1","121408","0","0.000008237","0","10406","0","0","8652","0","1","66738","0","0","6614","0","0","11578","0","0","908","0","0","16512","0"
"11","19207757",".","T","C","c.414+6A>G","","c.414+6A>G","PASS","splice region","","4","121410","0","0.00003295","0","10406","0","4","8654","0","0","66738","0","0","6614","0","0","11578","0","0","908","0","0","16512","0"
"11","19207768",".","C","A","p.Gly137Cys","p.Gly137Cys","c.409G>T","PASS","missense","","1","121410","0","0.000008237","0","10406","0","0","8652","0","1","66740","0","0","6614","0","0","11578","0","0","908","0","0","16512","0"
"11","19207769",".","A","T","p.Gly136Gly","p.Gly136Gly","c.408T>A","PASS","synonymous","","1","121410","0","0.000008237","0","10406","0","0","8654","0","1","66738","0","0","6614","0","0","11578","0","0","908","0","0","16512","0"
"11","19207791",".","G","C","p.Ala129Gly","p.Ala129Gly","c.386C>G","PASS","missense","","1","121410","0","0.000008237","0","10406","0","1","8654","0","0","66738","0","0","6614","0","0","11578","0","0","908","0","0","16512","0"
"11","19207798","rs149201422","C","T","p.Val127Ile","p.Val127Ile","c.379G>A","PASS","missense","","5","121410","0","0.00004118","3","10406","0","0","8654","0","2","66738","0","0","6614","0","0","11578","0","0","908","0","0","16512","0"
"11","19207799",".","T","G","p.Ser126Ser","p.Ser126Ser","c.378A>C","PASS","synonymous","","1","121410","0","0.000008237","0","10406","0","0","8654","0","1","66738","0","0","6614","0","0","11578","0","0","908","0","0","16512","0"
"11","19207812",".","C","T","p.Arg122Gln","p.Arg122Gln","c.365G>A","PASS","missense","","1","121412","0","0.000008236","0","10406","0","0","8654","0","1","66740","0","0","6614","0","0","11578","0","0","908","0","0","16512","0"
"11","19207818",".","C","T","p.Cys120Tyr","p.Cys120Tyr","c.359G>A","PASS","missense","","1","121410","0","0.000008237","0","10406","0","0","8654","0","1","66738","0","0","6614","0","0","11578","0","0","908","0","0","16512","0"
"11","19207821",".","T","C","p.Lys119Arg","p.Lys119Arg","c.356A>G","PASS","missense","","1","121412","0","0.000008236","0","10406","0","0","8654","0","0","66740","0","0","6614","0","0","11578","0","0","908","0","1","16512","0"
"11","19207825",".","C","T","p.Glu118Lys","p.Glu118Lys","c.352G>A","PASS","missense","","5","121410","0","0.00004118","0","10406","0","0","8654","0","3","66738","0","0","6614","0","2","11578","0","0","908","0","0","16512","0"
"11","19207826",".","G","A","p.Ser117Ser","p.Ser117Ser","c.351C>T","PASS","synonymous","","1","121410","0","0.000008237","0","10406","0","0","8652","0","1","66740","0","0","6614","0","0","11578","0","0","908","0","0","16512","0"
"11","19207833","rs143384148","C","T","p.Gly115Glu","p.Gly115Glu","c.344G>A","PASS","missense","","1","121408","0","0.000008237","0","10406","0","0","8652","0","1","66738","0","0","6614","0","0","11578","0","0","908","0","0","16512","0"
"11","19207841","rs13451","C","T","p.Ala112Ala","p.Ala112Ala","c.336G>A","PASS","synonymous","","9942","121402","536","0.08189","165","10406","1","21","8650","0","7503","66738","435","766","6612","60","450","11576","6","68","908","2","969","16512","32"
"11","19207841","rs13451","C","G","p.Ala112Ala","p.Ala112Ala","c.336G>C","PASS","synonymous","","3","121402","0","0.00002471","0","10406","0","3","8650","0","0","66738","0","0","6612","0","0","11576","0","0","908","0","0","16512","0"
"11","19207842",".","G","A","p.Ala112Val","p.Ala112Val","c.335C>T","PASS","missense","","1","121406","0","0.000008237","0","10406","0","0","8650","0","1","66740","0","0","6614","0","0","11576","0","0","908","0","0","16512","0"
"11","19207842",".","G","T","p.Ala112Glu","p.Ala112Glu","c.335C>A","PASS","missense","","1","121406","0","0.000008237","0","10406","0","0","8650","0","0","66740","0","0","6614","0","0","11576","0","1","908","0","0","16512","0"
"11","19207850",".","T","C","p.Lys109Lys","p.Lys109Lys","c.327A>G","PASS","synonymous","","2","121408","0","0.00001647","0","10406","0","0","8654","0","2","66738","0","0","6614","0","0","11578","0","0","908","0","0","16510","0"
"11","19207865","rs45582433","G","C","p.Thr104Thr","p.Thr104Thr","c.312C>G","PASS","synonymous","","575","121406","13","0.004736","541","10406","13","0","8654","0","9","66738","0","0","6614","0","21","11574","0","3","908","0","1","16512","0"
"11","19207866",".","G","A","p.Thr104Ile","p.Thr104Ile","c.311C>T","PASS","missense","","1","121404","0","0.000008237","0","10406","0","0","8654","0","1","66738","0","0","6614","0","0","11574","0","0","908","0","0","16510","0"
"11","19207871",".","A","G","p.Val102Val","p.Val102Val","c.306T>C","PASS","synonymous","","2","121404","0","0.00001647","0","10406","0","0","8654","0","2","66738","0","0","6614","0","0","11574","0","0","908","0","0","16510","0"
"11","19207875",".","G","A","p.Ser101Leu","p.Ser101Leu","c.302C>T","PASS","missense","","1","121404","0","0.000008237","0","10406","0","1","8654","0","0","66738","0","0","6614","0","0","11574","0","0","908","0","0","16510","0"
"11","19207877","rs146290726","G","A","p.Arg100Arg","p.Arg100Arg","c.300C>T","PASS","synonymous","","2","121406","0","0.00001647","2","10406","0","0","8654","0","0","66738","0","0","6614","0","0","11574","0","0","908","0","0","16512","0"
"11","19207878","rs138218523","C","T","p.Arg100His","p.Arg100His","c.299G>A","PASS","missense","","174","121404","0","0.001433","0","10406","0","0","8654","0","134","66738","0","35","6614","0","1","11572","0","2","908","0","2","16512","0"
"11","19207879",".","G","A","p.Arg100Cys","p.Arg100Cys","c.298C>T","PASS","missense","","9","121404","0","0.00007413","0","10406","0","1","8652","0","7","66738","0","0","6614","0","1","11574","0","0","908","0","0","16512","0"
"11","19207883","rs142832902","C","T","p.Pro98Pro","p.Pro98Pro","c.294G>A","PASS","synonymous","","2","121402","0","0.00001647","0","10406","0","0","8654","0","2","66738","0","0","6614","0","0","11572","0","0","908","0","0","16510","0"
"11","19207884",".","G","A","p.Pro98Leu","p.Pro98Leu","c.293C>T","PASS","missense","","2","121404","0","0.00001647","0","10406","0","0","8654","0","1","66738","0","0","6614","0","0","11574","0","0","908","0","1","16510","0"
"11","19207886",".","C","T","p.Lys97Lys","p.Lys97Lys","c.291G>A","PASS","synonymous","","1","121402","0","0.000008237","0","10406","0","0","8654","0","1","66738","0","0","6614","0","0","11572","0","0","908","0","0","16510","0"
"11","19207890",".","G","A","p.Pro96Leu","p.Pro96Leu","c.287C>T","PASS","missense","","1","121402","0","0.000008237","1","10406","0","0","8652","0","0","66738","0","0","6614","0","0","11574","0","0","908","0","0","16510","0"
"11","19207891",".","G","A","p.Pro96Ser","p.Pro96Ser","c.286C>T","PASS","missense","","2","121400","0","0.00001647","1","10406","0","0","8652","0","1","66738","0","0","6614","0","0","11574","0","0","908","0","0","16508","0"
"11","19207892",".","G","C","p.Ser95Ser","p.Ser95Ser","c.285C>G","PASS","synonymous","","1","121398","0","0.000008237","0","10406","0","0","8654","0","1","66736","0","0","6614","0","0","11572","0","0","908","0","0","16508","0"
"11","19207893",".","G","A","p.Ser95Phe","p.Ser95Phe","c.284C>T","PASS","missense","","1","121400","0","0.000008237","0","10406","0","1","8654","0","0","66738","0","0","6614","0","0","11572","0","0","908","0","0","16508","0"
"11","19207911",".","G","T","","","c.282-16C>A","PASS","intron","","1","121360","0","0.000008240","0","10404","0","0","8642","0","1","66722","0","0","6614","0","0","11566","0","0","908","0","0","16504","0"
"11","19207913",".","A","G","","","c.282-18T>C","PASS","intron","","1","121366","0","0.000008240","0","10404","0","0","8646","0","1","66724","0","0","6614","0","0","11564","0","0","908","0","0","16506","0"
"11","19207915",".","G","A","","","c.282-20C>T","PASS","intron","","2","121364","0","0.00001648","0","10404","0","0","8646","0","2","66722","0","0","6614","0","0","11564","0","0","908","0","0","16506","0"
"11","19207923",".","C","T","","","c.282-28G>A","PASS","intron","","4","121350","0","0.00003296","0","10400","0","1","8648","0","2","66712","0","0","6614","0","0","11564","0","0","908","0","1","16504","0"
"11","19207924",".","G","A","","","c.282-29C>T","PASS","intron","","6","121346","0","0.00004945","5","10402","0","0","8648","0","1","66708","0","0","6614","0","0","11564","0","0","908","0","0","16502","0"
"11","19207935",".","T","G","","","c.282-40A>C","PASS","intron","","1","121322","0","0.000008243","0","10402","0","0","8640","0","1","66706","0","0","6614","0","0","11554","0","0","906","0","0","16500","0"
"11","19207936",".","T","C","","","c.282-41A>G","PASS","intron","","10","121320","0","0.00008243","0","10398","0","0","8638","0","0","66704","0","0","6614","0","0","11558","0","0","908","0","10","16500","0"
"11","19209640","rs45602431","T","C","","","c.281+43A>G","PASS","intron","","313","121358","1","0.002579","5","10396","0","1","8638","0","214","66716","0","13","6614","0","21","11574","1","1","908","0","58","16512","0"
"11","19209644",".","A","G","","","c.281+39T>C","PASS","intron","","1","121358","0","0.000008240","0","10396","0","0","8638","0","1","66718","0","0","6614","0","0","11572","0","0","908","0","0","16512","0"
"11","19209653",".","C","T","","","c.281+30G>A","PASS","intron","","5","121362","0","0.00004120","5","10396","0","0","8638","0","0","66720","0","0","6614","0","0","11574","0","0","908","0","0","16512","0"
"11","19209656",".","G","A","","","c.281+27C>T","PASS","intron","","1","121366","0","0.000008240","1","10398","0","0","8640","0","0","66720","0","0","6614","0","0","11574","0","0","908","0","0","16512","0"
"11","19209657",".","C","G","","","c.281+26G>C","PASS","intron","","1","121366","0","0.000008240","0","10398","0","0","8640","0","1","66720","0","0","6614","0","0","11574","0","0","908","0","0","16512","0"
"11","19209658","rs191035420","A","C","","","c.281+25T>G","PASS","intron","","64","121366","0","0.0005273","57","10398","0","0","8640","0","2","66720","0","0","6614","0","5","11574","0","0","908","0","0","16512","0"
"11","19209672",".","C","G","","","c.281+11G>C","PASS","intron","","1","121366","0","0.000008240","0","10398","0","1","8640","0","0","66720","0","0","6614","0","0","11574","0","0","908","0","0","16512","0"
"11","19209682",".","C","T","c.281+1G>A","","c.281+1G>A","PASS","splice donor","","1","121362","0","0.000008240","0","10396","0","0","8640","0","1","66718","0","0","6614","0","0","11574","0","0","908","0","0","16512","0"
"11","19209692",".","T","A","p.Gln91Leu","p.Gln91Leu","c.272A>T","PASS","missense","","1","121358","0","0.000008240","1","10394","0","0","8640","0","0","66716","0","0","6614","0","0","11574","0","0","908","0","0","16512","0"
"11","19209695",".","A","G","p.Leu90Pro","p.Leu90Pro","c.269T>C","PASS","missense","","1","121360","0","0.000008240","0","10396","0","0","8640","0","1","66716","0","0","6614","0","0","11574","0","0","908","0","0","16512","0"
"11","19209699",".","C","T","p.Gly89Ser","p.Gly89Ser","c.265G>A","PASS","missense","","4","121350","0","0.00003296","4","10394","0","0","8638","0","0","66710","0","0","6614","0","0","11574","0","0","908","0","0","16512","0"
"11","19209699",".","C","A","p.Gly89Cys","p.Gly89Cys","c.265G>T","PASS","missense","","2","121350","0","0.00001648","0","10394","0","2","8638","0","0","66710","0","0","6614","0","0","11574","0","0","908","0","0","16512","0"
"11","19209700",".","G","T","p.Leu88Leu","p.Leu88Leu","c.264C>A","PASS","synonymous","","5","121356","0","0.00004120","0","10394","0","4","8640","0","1","66712","0","0","6614","0","0","11576","0","0","908","0","0","16512","0"
"11","19209700",".","G","A","p.Leu88Leu","p.Leu88Leu","c.264C>T","PASS","synonymous","","3","121356","0","0.00002472","0","10394","0","3","8640","0","0","66712","0","0","6614","0","0","11576","0","0","908","0","0","16512","0"
"11","19209703",".","A","G","p.His87His","p.His87His","c.261T>C","PASS","synonymous","","2","121360","0","0.00001648","0","10394","0","0","8642","0","2","66714","0","0","6614","0","0","11576","0","0","908","0","0","16512","0"
"11","19209706","rs182798086","C","T","p.Glu86Glu","p.Glu86Glu","c.258G>A","PASS","synonymous","","4","121356","0","0.00003296","0","10394","0","4","8642","0","0","66710","0","0","6614","0","0","11576","0","0","908","0","0","16512","0"
"11","19209708",".","C","T","p.Glu86Lys","p.Glu86Lys","c.256G>A","PASS","missense","","1","121362","0","0.000008240","0","10394","0","0","8642","0","1","66716","0","0","6614","0","0","11576","0","0","908","0","0","16512","0"
"11","19209709",".","G","A","p.Gly85Gly","p.Gly85Gly","c.255C>T","PASS","synonymous","","2","121360","0","0.00001648","0","10394","0","1","8642","0","0","66714","0","0","6614","0","0","11576","0","0","908","0","1","16512","0"
"11","19209712",".","C","T","p.Thr84Thr","p.Thr84Thr","c.252G>A","PASS","synonymous","","5","121358","0","0.00004120","0","10394","0","0","8642","0","0","66712","0","0","6614","0","5","11576","0","0","908","0","0","16512","0"
"11","19209713",".","G","C","p.Thr84Arg","p.Thr84Arg","c.251C>G","PASS","missense","","4","121358","0","0.00003296","0","10394","0","0","8640","0","4","66714","0","0","6614","0","0","11576","0","0","908","0","0","16512","0"
"11","19209713",".","G","A","p.Thr84Met","p.Thr84Met","c.251C>T","PASS","missense","","3","121358","0","0.00002472","0","10394","0","0","8640","0","2","66714","0","0","6614","0","1","11576","0","0","908","0","0","16512","0"
"11","19209724",".","G","A","p.Leu80Leu","p.Leu80Leu","c.240C>T","PASS","synonymous","","1","121350","0","0.000008241","1","10396","0","0","8642","0","0","66704","0","0","6614","0","0","11576","0","0","908","0","0","16510","0"
"11","19209726",".","G","A","p.Leu80Phe","p.Leu80Phe","c.238C>T","PASS","missense","","1","121350","0","0.000008241","1","10396","0","0","8642","0","0","66704","0","0","6614","0","0","11576","0","0","908","0","0","16510","0"
"11","19209728",".","C","G","p.Cys79Ser","p.Cys79Ser","c.236G>C","PASS","missense","","1","121352","0","0.000008240","1","10396","0","0","8642","0","0","66706","0","0","6614","0","0","11576","0","0","908","0","0","16510","0"
"11","19209734",".","G","C","p.Ala77Gly","p.Ala77Gly","c.230C>G","PASS","missense","","1","121350","0","0.000008241","0","10396","0","0","8642","0","1","66704","0","0","6614","0","0","11576","0","0","908","0","0","16510","0"
"11","19209735","rs746207","C","A","p.Ala77Ser","p.Ala77Ser","c.229G>T","PASS","missense","","4","121350","0","0.00003296","0","10396","0","0","8642","0","0","66704","0","0","6614","0","4","11576","0","0","908","0","0","16510","0"
"11","19209735","rs746207","C","T","p.Ala77Thr","p.Ala77Thr","c.229G>A","PASS","missense","","2","121350","0","0.00001648","0","10396","0","2","8642","0","0","66704","0","0","6614","0","0","11576","0","0","908","0","0","16510","0"
"11","19209736",".","G","A","p.Gly76Gly","p.Gly76Gly","c.228C>T","PASS","synonymous","","1","121348","0","0.000008241","0","10396","0","0","8642","0","0","66702","0","0","6614","0","0","11576","0","0","908","0","1","16510","0"
"11","19209741",".","G","T","p.Gln75Lys","p.Gln75Lys","c.223C>A","PASS","missense","","1","121338","0","0.000008241","0","10392","0","1","8642","0","0","66698","0","0","6614","0","0","11574","0","0","908","0","0","16510","0"
"11","19209742",".","T","G","p.Gly74Gly","p.Gly74Gly","c.222A>C","PASS","synonymous","","1","121342","0","0.000008241","0","10396","0","0","8642","0","0","66698","0","0","6614","0","1","11574","0","0","908","0","0","16510","0"
"11","19209745",".","A","G","p.Tyr73Tyr","p.Tyr73Tyr","c.219T>C","PASS","synonymous","","1","121342","0","0.000008241","0","10396","0","0","8642","0","1","66698","0","0","6614","0","0","11574","0","0","908","0","0","16510","0"
"11","19209747",".","AC","A","p.Tyr73MetfsTer135","p.Tyr73MetfsTer135","c.216delG","PASS","frameshift","","1","121336","0","0.000008242","0","10396","0","0","8640","0","1","66694","0","0","6614","0","0","11574","0","0","908","0","0","16510","0"
"11","19209748",".","C","T","p.Gly72Gly","p.Gly72Gly","c.216G>A","PASS","synonymous","","3","121334","0","0.00002473","0","10394","0","0","8642","0","2","66692","0","0","6614","0","1","11574","0","0","908","0","0","16510","0"
"11","19209748",".","C","A","p.Gly72Gly","p.Gly72Gly","c.216G>T","PASS","synonymous","","1","121334","0","0.000008242","0","10394","0","0","8642","0","1","66692","0","0","6614","0","0","11574","0","0","908","0","0","16510","0"
"11","19209750","rs45552933","C","T","p.Gly72Arg","p.Gly72Arg","c.214G>A","PASS","missense","","4","121334","0","0.00003297","0","10394","0","0","8642","0","4","66694","0","0","6614","0","0","11572","0","0","908","0","0","16510","0"
"11","19209751","rs45476991","G","A","p.Ile71Ile","p.Ile71Ile","c.213C>T","PASS","synonymous","","556","121334","4","0.004582","11","10394","0","0","8642","0","428","66694","1","43","6614","0","21","11572","1","1","908","0","52","16510","2"
"11","19209752",".","A","G","p.Ile71Thr","p.Ile71Thr","c.212T>C","PASS","missense","","1","121334","0","0.000008242","0","10394","0","0","8642","0","0","66694","0","0","6614","0","0","11572","0","1","908","0","0","16510","0"
"11","19209756",".","C","A","p.Gly70Trp","p.Gly70Trp","c.208G>T","PASS","missense","","5","121328","0","0.00004121","0","10394","0","0","8642","0","0","66688","0","0","6614","0","0","11572","0","0","908","0","5","16510","0"
"11","19209758","rs137852764","T","C","p.Lys69Arg","p.Lys69Arg","c.206A>G","PASS","missense","","2","121324","0","0.00001648","0","10392","0","0","8642","0","1","66686","0","0","6614","0","0","11572","0","0","908","0","1","16510","0"
"11","19209763",".","G","A","p.Gly67Gly","p.Gly67Gly","c.201C>T","PASS","synonymous","","1","121318","0","0.000008243","0","10392","0","1","8642","0","0","66680","0","0","6614","0","0","11572","0","0","908","0","0","16510","0"
"11","19209766",".","A","G","p.Tyr66Tyr","p.Tyr66Tyr","c.198T>C","PASS","synonymous","","1","121312","0","0.000008243","0","10390","0","0","8642","0","0","66676","0","0","6614","0","0","11572","0","1","908","0","0","16510","0"
"11","19209767",".","T","C","p.Tyr66Cys","p.Tyr66Cys","c.197A>G","PASS","missense","","1","121312","0","0.000008243","0","10390","0","0","8642","0","1","66676","0","0","6614","0","0","11572","0","0","908","0","0","16510","0"
"11","19209773",".","C","T","p.Arg64His","p.Arg64His","c.191G>A","PASS","missense","","4","121300","0","0.00003298","1","10390","0","2","8640","0","1","66666","0","0","6614","0","0","11572","0","0","908","0","0","16510","0"
"11","19209774",".","G","A","p.Arg64Cys","p.Arg64Cys","c.190C>T","PASS","missense","","3","121292","0","0.00002473","0","10388","0","0","8640","0","2","66660","0","0","6614","0","0","11572","0","0","908","0","1","16510","0"
"11","19209774",".","G","T","p.Arg64Ser","p.Arg64Ser","c.190C>A","PASS","missense","","1","121292","0","0.000008245","0","10388","0","0","8640","0","1","66660","0","0","6614","0","0","11572","0","0","908","0","0","16510","0"
"11","19209789",".","T","C","p.Lys59Glu","p.Lys59Glu","c.175A>G","PASS","missense","","2","121250","0","0.00001649","2","10382","0","0","8636","0","0","66632","0","0","6614","0","0","11568","0","0","908","0","0","16510","0"
"11","19209795",".","A","G","p.Tyr57His","p.Tyr57His","c.169T>C","PASS","missense","","1","121212","0","0.000008250","0","10378","0","0","8634","0","1","66604","0","0","6614","0","0","11564","0","0","908","0","0","16510","0"
"11","19209796",".","G","C","p.Ile56Met","p.Ile56Met","c.168C>G","PASS","missense","","2","121208","0","0.00001650","1","10378","0","0","8634","0","1","66600","0","0","6614","0","0","11564","0","0","908","0","0","16510","0"
"11","19209798",".","T","C","p.Ile56Val","p.Ile56Val","c.166A>G","PASS","missense","","1","121188","0","0.000008252","0","10376","0","0","8634","0","1","66582","0","0","6614","0","0","11564","0","0","908","0","0","16510","0"
"11","19209802","rs112848043","C","T","p.Ser54Ser","p.Ser54Ser","c.162G>A","PASS","synonymous","","37","121154","0","0.0003054","33","10366","0","1","8632","0","1","66568","0","0","6614","0","0","11560","0","1","908","0","1","16506","0"
"11","19209803",".","G","A","p.Ser54Leu","p.Ser54Leu","c.161C>T","PASS","missense","","1","121152","0","0.000008254","0","10366","0","0","8632","0","1","66566","0","0","6614","0","0","11562","0","0","906","0","0","16506","0"
"11","19209809",".","T","A","p.His52Leu","p.His52Leu","c.155A>T","PASS","missense","","1","121110","0","0.000008257","0","10358","0","0","8630","0","1","66542","0","0","6614","0","0","11558","0","0","906","0","0","16502","0"
"11","19209811",".","A","G","p.Ala51Ala","p.Ala51Ala","c.153T>C","PASS","synonymous","","1","121096","0","0.000008258","0","10356","0","0","8630","0","0","66530","0","0","6614","0","1","11558","0","0","906","0","0","16502","0"
"11","19209812",".","G","A","p.Ala51Val","p.Ala51Val","c.152C>T","PASS","missense","","1","121086","0","0.000008259","0","10352","0","0","8628","0","0","66526","0","0","6614","0","1","11558","0","0","906","0","0","16502","0"
"11","19209812",".","G","C","p.Ala51Gly","p.Ala51Gly","c.152C>G","PASS","missense","","2","121086","0","0.00001652","0","10352","0","0","8628","0","0","66526","0","0","6614","0","0","11558","0","0","906","0","2","16502","0"
"11","19209814","rs7124801","C","T","p.Ala50Ala","p.Ala50Ala","c.150G>A","PASS","synonymous","","1215","121040","68","0.01004","1148","10342","68","0","8622","0","16","66504","0","0","6614","0","46","11554","0","4","906","0","1","16498","0"
"11","19209815","rs139805841","G","A","p.Ala50Val","p.Ala50Val","c.149C>T","PASS","missense","","3","121022","0","0.00002479","3","10328","0","0","8622","0","0","66502","0","0","6614","0","0","11552","0","0","906","0","0","16498","0"
"11","19209816","rs145300736","C","T","p.Ala50Thr","p.Ala50Thr","c.148G>A","PASS","missense","","5","121014","0","0.00004132","1","10326","0","1","8620","0","1","66498","0","0","6614","0","2","11552","0","0","906","0","0","16498","0"
"11","19209817",".","G","A","p.Val49Val","p.Val49Val","c.147C>T","PASS","synonymous","","2","121004","0","0.00001653","1","10322","0","0","8622","0","0","66490","0","0","6614","0","1","11552","0","0","906","0","0","16498","0"
"11","19209823",".","C","T","p.Thr47Thr","p.Thr47Thr","c.141G>A","PASS","synonymous","","1","120964","0","0.000008267","0","10312","0","1","8622","0","0","66460","0","0","6614","0","0","11552","0","0","906","0","0","16498","0"
"11","19209824",".","G","A","p.Thr47Met","p.Thr47Met","c.140C>T","PASS","missense","","2","120944","0","0.00001654","1","10310","0","0","8620","0","0","66446","0","0","6614","0","1","11550","0","0","906","0","0","16498","0"
"11","19209826",".","G","T","p.Ser46Arg","p.Ser46Arg","c.138C>A","PASS","missense","","1","120904","0","0.000008271","0","10308","0","1","8616","0","0","66414","0","0","6614","0","0","11548","0","0","906","0","0","16498","0"
"11","19209828","rs137852765","T","G","p.Ser46Arg","p.Ser46Arg","c.136A>C","PASS","missense","","4","120906","0","0.00003308","0","10306","0","0","8618","0","4","66418","0","0","6614","0","0","11548","0","0","904","0","0","16498","0"
"11","19209844","rs112884796","G","A","p.Cys40Cys","p.Cys40Cys","c.120C>T","PASS","synonymous","","2","120650","0","0.00001658","0","10254","0","2","8606","0","0","66246","0","0","6614","0","0","11538","0","0","904","0","0","16488","0"
"11","19209848",".","G","C","p.Ala39Gly","p.Ala39Gly","c.116C>G","PASS","missense","","2","120578","0","0.00001659","0","10242","0","0","8604","0","0","66192","0","0","6614","0","0","11534","0","0","904","0","2","16488","0"
"11","19209850",".","C","G","p.Met38Ile","p.Met38Ile","c.114G>C","PASS","missense","","1","120564","0","0.000008294","0","10242","0","0","8604","0","1","66178","0","0","6614","0","0","11534","0","0","904","0","0","16488","0"
"11","19209857",".","A","G","c.113-6T>C","","c.113-6T>C","PASS","splice region","","1","120402","0","0.000008306","0","10208","0","0","8590","0","1","66078","0","0","6614","0","0","11532","0","0","902","0","0","16478","0"
"11","19209876",".","G","A","","","c.113-25C>T","PASS","intron","","1","120094","0","0.000008327","0","10160","0","0","8564","0","1","65886","0","0","6610","0","0","11516","0","0","896","0","0","16462","0"
"11","19209889",".","A","G","","","c.113-38T>C","PASS","intron","","1","119862","0","0.000008343","0","10100","0","0","8556","0","1","65740","0","0","6610","0","0","11498","0","0","896","0","0","16462","0"
"11","19209890",".","A","G","","","c.113-39T>C","PASS","intron","","92","119834","0","0.0007677","87","10092","0","0","8554","0","3","65726","0","0","6610","0","2","11496","0","0","896","0","0","16460","0"
"11","19209893",".","C","A","","","c.113-42G>T","PASS","intron","","2","119510","0","0.00001674","0","9998","0","0","8536","0","2","65522","0","0","6608","0","0","11496","0","0","894","0","0","16456","0"
"11","19209895",".","T","C","","","c.113-44A>G","PASS","intron","","1","119512","0","0.000008367","0","10004","0","1","8530","0","0","65528","0","0","6610","0","0","11494","0","0","892","0","0","16454","0"
"11","19209896",".","C","G","","","c.113-45G>C","PASS","intron","","1","119510","0","0.000008368","0","9998","0","0","8530","0","1","65530","0","0","6610","0","0","11496","0","0","894","0","0","16452","0"
"11","19209902","rs45449097","T","C","","","c.113-51A>G","PASS","intron","","92","119116","0","0.0007724","2","9930","0","0","8508","0","85","65264","0","5","6604","0","0","11484","0","0","888","0","0","16438","0"
"11","19213838",".","T","A","","","c.112+46A>T","PASS","intron","","6","117178","0","0.00005120","0","10144","0","0","8142","0","0","64426","0","0","6398","0","0","11026","0","0","888","0","6","16154","0"
"11","19213845","rs185421701","C","T","","","c.112+39G>A","PASS","intron","","38","117378","0","0.0003237","3","10172","0","0","8180","0","33","64514","0","0","6402","0","0","11062","0","0","894","0","2","16154","0"
"11","19213846",".","G","A","","","c.112+38C>T","PASS","intron","","2","117632","0","0.00001700","0","10192","0","0","8192","0","1","64674","0","0","6408","0","1","11084","0","0","890","0","0","16192","0"
"11","19213847",".","G","A","","","c.112+37C>T","PASS","intron","","2","117900","0","0.00001696","0","10194","0","0","8216","0","0","64860","0","0","6428","0","2","11104","0","0","890","0","0","16208","0"
"11","19213855",".","G","A","","","c.112+29C>T","PASS","intron","","3","118840","0","0.00002524","0","10252","0","0","8338","0","3","65408","0","0","6452","0","0","11220","0","0","896","0","0","16274","0"
"11","19213860",".","C","T","","","c.112+24G>A","PASS","intron","","29","119542","1","0.0002426","29","10274","1","0","8446","0","0","65814","0","0","6464","0","0","11328","0","0","896","0","0","16320","0"
"11","19213864",".","AG","A","","","c.112+19delC","PASS","intron","","1","120080","0","0.000008328","0","10306","0","0","8516","0","1","66122","0","0","6492","0","0","11380","0","0","900","0","0","16364","0"
"11","19213865",".","G","T","","","c.112+19C>A","PASS","intron","","1","120154","0","0.000008323","0","10306","0","0","8526","0","1","66166","0","0","6496","0","0","11390","0","0","900","0","0","16370","0"
"11","19213866",".","G","T","","","c.112+18C>A","PASS","intron","","2","120358","0","0.00001662","0","10332","0","0","8542","0","1","66262","0","0","6504","0","1","11440","0","0","902","0","0","16376","0"
"11","19213867",".","G","T","","","c.112+17C>A","PASS","intron","","1","120462","0","0.000008301","0","10342","0","0","8556","0","0","66324","0","0","6502","0","1","11454","0","0","902","0","0","16382","0"
"11","19213868",".","T","C","","","c.112+16A>G","PASS","intron","","1","120536","0","0.000008296","0","10350","0","0","8564","0","1","66352","0","0","6506","0","0","11466","0","0","902","0","0","16396","0"
"11","19213873",".","A","G","","","c.112+11T>C","PASS","intron","","2","120818","0","0.00001655","0","10370","0","2","8600","0","0","66488","0","0","6530","0","0","11490","0","0","902","0","0","16438","0"
"11","19213874",".","C","T","","","c.112+10G>A","PASS","intron","","1","120852","0","0.000008275","0","10370","0","0","8604","0","0","66498","0","0","6534","0","0","11496","0","0","902","0","1","16448","0"
"11","19213878",".","A","G","c.112+6T>C","","c.112+6T>C","PASS","splice region","","1","120988","0","0.000008265","0","10376","0","0","8620","0","0","66574","0","0","6544","0","0","11512","0","0","902","0","1","16460","0"
"11","19213883",".","C","T","c.112+1G>A","","c.112+1G>A","PASS","splice donor","","8","121110","0","0.00006606","0","10382","0","0","8634","0","8","66644","0","0","6554","0","0","11522","0","0","902","0","0","16472","0"
"11","19213884",".","T","G","p.Met38Leu","p.Met38Leu","c.112A>C","PASS","missense","","1","121136","0","0.000008255","0","10384","0","0","8634","0","1","66652","0","0","6562","0","0","11526","0","0","904","0","0","16474","0"
"11","19213887",".","A","G","p.Cys37Arg","p.Cys37Arg","c.109T>C","PASS","missense","","1","121206","0","0.000008250","0","10388","0","0","8642","0","1","66670","0","0","6582","0","0","11540","0","0","904","0","0","16480","0"
"11","19213897","rs147549410","C","T","p.Thr33Thr","p.Thr33Thr","c.99G>A","PASS","synonymous","","2","121314","0","0.00001649","1","10402","0","0","8646","0","0","66710","0","0","6592","0","0","11558","0","0","908","0","1","16498","0"
"11","19213898",".","G","A","p.Thr33Met","p.Thr33Met","c.98C>T","PASS","missense","","3","121320","0","0.00002473","0","10404","0","0","8646","0","3","66712","0","0","6592","0","0","11558","0","0","908","0","0","16500","0"
"11","19213906",".","G","A","p.Phe30Phe","p.Phe30Phe","c.90C>T","PASS","synonymous","","1","121356","0","0.000008240","0","10406","0","0","8650","0","1","66724","0","0","6600","0","0","11562","0","0","908","0","0","16506","0"
"11","19213910",".","C","T","p.Ser29Asn","p.Ser29Asn","c.86G>A","PASS","missense","","1","121360","0","0.000008240","1","10406","0","0","8650","0","0","66730","0","0","6600","0","0","11560","0","0","908","0","0","16506","0"
"11","19213911",".","T","G","p.Ser29Arg","p.Ser29Arg","c.85A>C","PASS","missense","","1","121360","0","0.000008240","0","10406","0","0","8650","0","1","66730","0","0","6600","0","0","11560","0","0","908","0","0","16506","0"
"11","19213922","rs190182843","C","A","p.Cys25Phe","p.Cys25Phe","c.74G>T","PASS","missense","","1","121378","0","0.000008239","0","10406","0","0","8652","0","1","66730","0","0","6612","0","0","11564","0","0","908","0","0","16506","0"
"11","19213941",".","G","C","p.His19Asp","p.His19Asp","c.55C>G","PASS","missense","","1","121378","0","0.000008239","1","10406","0","0","8654","0","0","66720","0","0","6614","0","0","11568","0","0","908","0","0","16508","0"
"11","19213943",".","TA","T","p.Tyr18ThrfsTer190","p.Tyr18ThrfsTer190","c.52delT","PASS","frameshift","","1","121382","0","0.000008238","0","10406","0","0","8654","0","1","66726","0","0","6614","0","0","11566","0","0","908","0","0","16508","0"
"11","19213947",".","C","T","p.Val17Ile","p.Val17Ile","c.49G>A","PASS","missense","","1","121380","0","0.000008239","0","10406","0","0","8654","0","1","66726","0","0","6614","0","0","11564","0","0","908","0","0","16508","0"
"11","19213948",".","G","A","p.Thr16Thr","p.Thr16Thr","c.48C>T","PASS","synonymous","","1","121378","0","0.000008239","0","10406","0","0","8654","0","1","66724","0","0","6614","0","0","11564","0","0","908","0","0","16508","0"
"11","19213954",".","T","C","p.Glu14Glu","p.Glu14Glu","c.42A>G","PASS","synonymous","","1","121370","0","0.000008239","0","10402","0","0","8654","0","1","66726","0","0","6612","0","0","11560","0","0","908","0","0","16508","0"
"11","19213956",".","C","G","p.Glu14Gln","p.Glu14Gln","c.40G>C","PASS","missense","","2","121364","0","0.00001648","0","10402","0","0","8654","0","2","66722","0","0","6612","0","0","11558","0","0","908","0","0","16508","0"
"11","19213958","rs182726860","C","T","p.Cys13Tyr","p.Cys13Tyr","c.38G>A","PASS","missense","","1","121362","0","0.000008240","0","10402","0","1","8654","0","0","66722","0","0","6612","0","0","11558","0","0","908","0","0","16506","0"
"11","19213967","rs141980088","C","T","p.Cys10Tyr","p.Cys10Tyr","c.29G>A","PASS","missense","","1","121330","0","0.000008242","0","10402","0","0","8652","0","1","66700","0","0","6606","0","0","11554","0","0","908","0","0","16508","0"
"11","19213974","rs45531937","C","T","p.Ala8Thr","p.Ala8Thr","c.22G>A","PASS","missense","","2","121278","0","0.00001649","1","10402","0","0","8648","0","1","66670","0","0","6602","0","0","11546","0","0","908","0","0","16502","0"
"11","19213975","rs151177504","G","A","p.Gly7Gly","p.Gly7Gly","c.21C>T","PASS","synonymous","","6","121280","0","0.00004947","0","10402","0","0","8648","0","6","66674","0","0","6602","0","0","11546","0","0","908","0","0","16500","0"
"11","19213976",".","C","A","p.Gly7Val","p.Gly7Val","c.20G>T","PASS","missense","","1","121266","0","0.000008246","0","10400","0","0","8646","0","1","66668","0","0","6602","0","0","11544","0","0","908","0","0","16498","0"
"11","19213980","rs185980145","C","T","p.Gly6Arg","p.Gly6Arg","c.16G>A","PASS","missense","","8","121202","0","0.00006601","1","10396","0","3","8640","0","2","66644","0","0","6592","0","1","11534","0","0","906","0","1","16490","0"
"11","19213981",".","G","A","p.Gly5Gly","p.Gly5Gly","c.15C>T","PASS","synonymous","","11","121154","1","0.00009079","0","10390","0","0","8634","0","11","66630","1","0","6590","0","0","11528","0","0","904","0","0","16478","0"
"11","19213983",".","C","G","p.Gly5Arg","p.Gly5Arg","c.13G>C","PASS","missense","","2","121128","0","0.00001651","0","10386","0","0","8630","0","2","66620","0","0","6588","0","0","11526","0","0","904","0","0","16474","0"
"11","19213986","rs45550635","A","G","p.Trp4Arg","p.Trp4Arg","c.10T>C","PASS","missense","","287","121088","0","0.002370","7","10380","0","0","8628","0","258","66602","0","6","6588","0","3","11516","0","2","904","0","11","16470","0"
"11","19213991",".","G","T","p.Pro2Gln","p.Pro2Gln","c.5C>A","PASS","missense","","1","120984","0","0.000008266","0","10370","0","0","8618","0","1","66560","0","0","6582","0","0","11502","0","0","904","0","0","16448","0"
"11","19213998",".","T","G","","","c.-3A>C","PASS","5' UTR","","1","120748","0","0.000008282","0","10352","0","0","8592","0","1","66436","0","0","6570","0","0","11480","0","0","902","0","0","16416","0"
"11","19214006",".","A","G","","","c.-11T>C","PASS","5' UTR","","1","120150","0","0.000008323","0","10316","0","0","8510","0","0","66116","0","0","6548","0","0","11424","0","0","902","0","1","16334","0"
"11","19214010",".","G","A","","","c.-15C>T","PASS","5' UTR","","1","119492","0","0.000008369","0","10270","0","0","8454","0","1","65714","0","0","6514","0","0","11362","0","0","898","0","0","16280","0"
"11","19214016",".","G","T","","","c.-21C>A","PASS","5' UTR","","1","119136","0","0.000008394","0","10258","0","0","8412","0","1","65494","0","0","6500","0","0","11318","0","0","898","0","0","16256","0"
"11","19214027",".","A","C","c.-28-4T>G","","c.-28-4T>G","PASS","splice region","","1","117918","0","0.000008480","0","10164","0","0","8258","0","1","64818","0","0","6444","0","0","11210","0","0","888","0","0","16136","0"
"11","19214043",".","A","G","","","c.-28-20T>C","PASS","intron","","10","114744","0","0.00008715","0","9922","0","0","7956","0","0","62888","0","0","6306","0","0","10878","0","0","876","0","10","15918","0"