"Chrom","Position","RSID","Reference","Alternate","Data","Consequence","Protein Consequence","Transcript Consequence","Annotation","Flags","Allele Count","Allele Number","Number of Homozygotes","Allele Frequency","Allele Count African","Allele Number African","Homozygote Count African","Allele Count Ashkenazi Jewish","Allele Number Ashkenazi Jewish","Homozygote Count Ashkenazi Jewish","Allele Count East Asian","Allele Number East Asian","Homozygote Count East Asian","Allele Count European (Finnish)","Allele Number European (Finnish)","Homozygote Count European (Finnish)","Allele Count European (Non-Finnish)","Allele Number European (Non-Finnish)","Homozygote Count European (Non-Finnish)","Allele Count Latino","Allele Number Latino","Homozygote Count Latino","Allele Count Other","Allele Number Other","Homozygote Count Other","Allele Count South Asian","Allele Number South Asian","Homozygote Count South Asian"
"18","29171672",".","G","A","G","","","","upstream gene","","2","30254","0","6.61e-5","2","8506","0","0","292","0","0","1596","0","0","3518","0","0","14560","0","0","762","0","0","1020","0","0","0","0"
"18","29171672",".","G","T","G","","","","upstream gene","","1","30254","0","3.31e-5","0","8506","0","0","292","0","1","1596","0","0","3518","0","0","14560","0","0","762","0","0","1020","0","0","0","0"
"18","29171710",".","G","A","G","","","c.-156G>A","5' UTR","","3","30264","0","9.91e-5","0","8512","0","0","292","0","0","1596","0","0","3518","0","2","14566","0","0","760","0","1","1020","0","0","0","0"
"18","29171732",".","T","C","G","","","c.-134T>C","5' UTR","","1","30264","0","3.3e-5","1","8514","0","0","292","0","0","1594","0","0","3518","0","0","14564","0","0","762","0","0","1020","0","0","0","0"
"18","29171776",".","G","T","G","","","c.-90G>T","5' UTR","","1","30260","0","3.3e-5","1","8512","0","0","292","0","0","1596","0","0","3518","0","0","14560","0","0","762","0","0","1020","0","0","0","0"
"18","29171785",".","A","G","G","","","c.-81A>G","5' UTR","","1","30266","0","3.3e-5","0","8512","0","0","292","0","0","1596","0","0","3518","0","1","14566","0","0","762","0","0","1020","0","0","0","0"
"18","29171805","rs770403822","G","A","G","","","c.-61G>A","5' UTR","","9","30262","0","2.97e-4","0","8510","0","0","292","0","0","1594","0","5","3518","0","4","14566","0","0","762","0","0","1020","0","0","0","0"
"18","29171818",".","C","A","E","","","c.-48C>A","5' UTR","","1","251662","0","3.97e-6","0","17350","0","0","9852","0","0","17322","0","0","22530","0","1","111756","0","0","35660","0","0","6376","0","0","30816","0"
"18","29171820","rs750577317","C","G","E G","","","c.-46C>G","5' UTR","","8","282086","0","2.84e-5","1","25860","0","0","10152","0","0","18930","0","0","26068","0","2","126408","0","3","36434","0","0","7400","0","2","30834","0"
"18","29171822",".","A","G","E","","","c.-44A>G","5' UTR","","1","251928","0","3.97e-6","0","17362","0","0","9858","0","0","17334","0","0","22556","0","0","111900","0","0","35684","0","0","6384","0","1","30850","0"
"18","29171823",".","G","A","E","","","c.-43G>A","5' UTR","","1","251994","0","3.97e-6","0","17362","0","0","9858","0","0","17340","0","0","22554","0","1","111942","0","0","35692","0","0","6384","0","0","30862","0"
"18","29171824",".","G","C","E","","","c.-42G>C","5' UTR","","1","251980","0","3.97e-6","0","17362","0","0","9860","0","0","17338","0","1","22550","0","0","111938","0","0","35694","0","0","6382","0","0","30856","0"
"18","29171825",".","C","T","E","","","c.-41C>T","5' UTR","","1","252030","0","3.97e-6","0","17360","0","0","9862","0","0","17338","0","0","22558","0","0","111966","0","0","35694","0","0","6384","0","1","30868","0"
"18","29171826",".","T","C","E","","","c.-40T>C","5' UTR","","2","252078","0","7.93e-6","0","17368","0","0","9866","0","0","17342","0","0","22562","0","0","111982","0","0","35700","0","0","6386","0","2","30872","0"
"18","29171841","rs372544196","C","T","E","","","c.-25C>T","5' UTR","","1","252228","0","3.96e-6","0","17368","0","0","9864","0","0","17344","0","0","22570","0","1","112090","0","0","35702","0","0","6390","0","0","30900","0"
"18","29171842",".","A","G","E","","","c.-24A>G","5' UTR","","1","252246","0","3.96e-6","0","17368","0","0","9862","0","0","17344","0","0","22570","0","1","112108","0","0","35706","0","0","6390","0","0","30898","0"
"18","29171851","rs746692906","C","T","E G","","","c.-15C>T","5' UTR","","5","282534","0","1.77e-5","0","25874","0","0","10158","0","0","18940","0","0","26090","0","5","126694","0","0","36470","0","0","7410","0","0","30898","0"
"18","29171853",".","C","T","E","","","c.-13C>T","5' UTR","","1","252282","0","3.96e-6","0","17366","0","0","9866","0","0","17344","0","0","22572","0","1","112134","0","0","35710","0","0","6392","0","0","30898","0"
"18","29171854",".","A","T","E","","","c.-12A>T","5' UTR","","1","252280","0","3.96e-6","0","17368","0","0","9864","0","0","17344","0","0","22574","0","0","112128","0","0","35710","0","0","6392","0","1","30900","0"
"18","29171859",".","T","C","E","","","c.-7T>C","5' UTR","","1","252296","0","3.96e-6","0","17368","0","0","9866","0","1","17348","0","0","22574","0","0","112142","0","0","35710","0","0","6392","0","0","30896","0"
"18","29171863",".","A","G","E","","","c.-3A>G","5' UTR","","15","252316","0","5.94e-5","0","17368","0","0","9870","0","0","17348","0","0","22574","0","0","112156","0","15","35712","0","0","6392","0","0","30896","0"
"18","29171865",".","G","C","E","","","c.-1G>C","5' UTR","","4","252300","0","1.59e-5","0","17368","0","0","9870","0","0","17342","0","0","22574","0","4","112144","0","0","35710","0","0","6392","0","0","30900","0"
"18","29171873",".","C","CTCA","E","p.His4dup","p.His4dup","c.11_13dupATC","inframe insertion","","2","252336","0","7.93e-6","0","17370","0","0","9870","0","0","17342","0","0","22574","0","1","112176","0","0","35712","0","1","6392","0","0","30900","0"
"18","29171873",".","CTCA","C","E","p.His4del","p.His4del","c.11_13delATC","inframe deletion","","3","252336","0","1.19e-5","0","17370","0","0","9870","0","0","17342","0","0","22574","0","3","112176","0","0","35712","0","0","6392","0","0","30900","0"
"18","29171876",".","A","T","E","p.His4Leu","p.His4Leu","c.11A>T","missense","","1","252322","0","3.96e-6","0","17370","0","0","9870","0","0","17340","0","0","22570","0","1","112168","0","0","35712","0","0","6392","0","0","30900","0"
"18","29171878","rs144792001","C","T","E G","p.Arg5Cys","p.Arg5Cys","c.13C>T","missense","","2","252326","0","7.93e-6","1","17370","0","0","9868","0","0","17340","0","0","22574","0","0","112172","0","1","35712","0","0","6392","0","0","30898","0"
"18","29171879","rs138657343","G","A","E G","p.Arg5His","p.Arg5His","c.14G>A","missense","","37","282582","1","1.31e-4","1","25880","0","0","10162","0","1","18940","0","9","26088","0","21","126732","1","2","36474","0","2","7410","0","1","30896","0"
"18","29171883",".","G","C","E","p.Leu6Leu","p.Leu6Leu","c.18G>C","synonymous","","1","252344","0","3.96e-6","0","17370","0","0","9870","0","0","17348","0","0","22574","0","0","112178","0","1","35712","0","0","6392","0","0","30900","0"
"18","29171888",".","T","A","E","p.Leu8His","p.Leu8His","c.23T>A","missense","","1","252362","0","3.96e-6","0","17370","0","0","9870","0","0","17348","0","0","22572","0","1","112198","0","0","35712","0","0","6392","0","0","30900","0"
"18","29171890",".","C","T","E","p.Leu9Phe","p.Leu9Phe","c.25C>T","missense","","3","252356","0","1.19e-5","0","17370","0","0","9870","0","0","17348","0","0","22574","0","1","112190","0","1","35712","0","1","6392","0","0","30900","0"
"18","29171902",".","G","A","E","p.Gly13Arg","p.Gly13Arg","c.37G>A","missense","","1","252350","0","3.96e-6","0","17370","0","0","9870","0","0","17348","0","0","22572","0","1","112186","0","0","35712","0","0","6392","0","0","30900","0"
"18","29171905",".","C","G","E","p.Leu14Val","p.Leu14Val","c.40C>G","missense","","1","252358","0","3.96e-6","0","17370","0","0","9870","0","0","17348","0","0","22574","0","1","112192","0","0","35712","0","0","6392","0","0","30900","0"
"18","29171905",".","C","T","E","p.Leu14Leu","p.Leu14Leu","c.40C>T","synonymous","","2","252358","0","7.93e-6","0","17370","0","0","9870","0","0","17348","0","0","22574","0","2","112192","0","0","35712","0","0","6392","0","0","30900","0"
"18","29171915",".","T","C","E","p.Val17Ala","p.Val17Ala","c.50T>C","missense","","1","252340","0","3.96e-6","0","17370","0","0","9870","0","0","17348","0","0","22572","0","1","112176","0","0","35712","0","0","6392","0","0","30900","0"
"18","29171917",".","T","G","E","p.Ser18Ala","p.Ser18Ala","c.52T>G","missense","","1","252342","0","3.96e-6","0","17370","0","0","9870","0","0","17348","0","0","22572","0","0","112178","0","0","35712","0","0","6392","0","1","30900","0"
"18","29171922",".","G","A","E","p.Glu19Glu","p.Glu19Glu","c.57G>A","synonymous","","1","252314","0","3.96e-6","0","17370","0","0","9870","0","1","17348","0","0","22570","0","0","112152","0","0","35712","0","0","6392","0","0","30900","0"
"18","29171930",".","C","T","G","p.Pro22Leu","p.Pro22Leu","c.65C>T","missense","","1","30260","0","3.3e-5","1","8506","0","0","292","0","0","1596","0","0","3518","0","0","14568","0","0","762","0","0","1018","0","0","0","0"
"18","29171933","rs377052919","C","T","E","p.Thr23Met","p.Thr23Met","c.68C>T","missense","","7","252254","0","2.77e-5","1","17366","0","0","9870","0","0","17348","0","0","22572","0","5","112096","0","1","35712","0","0","6390","0","0","30900","0"
"18","29171934",".","G","A","E","c.69G>A","p.Thr23Thr","c.69G>A","splice region","","2","252250","0","7.93e-6","0","17368","0","0","9870","0","0","17348","0","0","22572","0","2","112090","0","0","35712","0","0","6390","0","0","30900","0"
"18","29171939",".","G","C","E G","c.69+5G>C","","c.69+5G>C","splice region","","2","282492","0","7.08e-6","0","25874","0","0","10162","0","0","18944","0","0","26090","0","2","126642","0","0","36474","0","0","7408","0","0","30898","0"
"18","29171940",".","T","C","E","c.69+6T>C","","c.69+6T>C","splice region","","6","252230","0","2.38e-5","0","17368","0","0","9870","0","0","17348","0","0","22572","0","0","112070","0","0","35712","0","0","6390","0","6","30900","0"
"18","29171941",".","G","T","E","c.69+7G>T","","c.69+7G>T","splice region","","1","252184","0","3.97e-6","0","17368","0","0","9870","0","0","17346","0","0","22572","0","0","112026","0","1","35712","0","0","6390","0","0","30900","0"
"18","29171946","rs368643414","T","C","E","","","c.69+12T>C","intron","","2","252202","0","7.93e-6","0","17368","0","0","9868","0","0","17346","0","0","22572","0","2","112048","0","0","35712","0","0","6388","0","0","30900","0"
"18","29171951",".","C","T","E","","","c.69+17C>T","intron","","2","252132","0","7.93e-6","0","17368","0","0","9868","0","0","17346","0","0","22564","0","0","111988","0","2","35710","0","0","6388","0","0","30900","0"
"18","29171954",".","C","T","E","","","c.69+20C>T","intron","","1","252100","0","3.97e-6","0","17368","0","0","9868","0","0","17344","0","0","22562","0","1","111958","0","0","35712","0","0","6388","0","0","30900","0"
"18","29171956","rs191045778","C","G","E G","","","c.69+22C>G","intron","","451","282322","5","1.6e-3","0","25876","0","0","10158","0","446","18940","5","0","26076","0","0","126492","0","0","36474","0","5","7408","0","0","30898","0"
"18","29171960",".","C","A","E","","","c.69+26C>A","intron","","1","252044","0","3.97e-6","0","17368","0","0","9866","0","0","17344","0","0","22558","0","1","111912","0","0","35708","0","0","6388","0","0","30900","0"
"18","29171962","rs372744469","T","A","E","","","c.69+28T>A","intron","","2","252010","0","7.94e-6","0","17368","0","0","9866","0","0","17344","0","0","22556","0","2","111884","0","0","35708","0","0","6388","0","0","30896","0"
"18","29171963",".","A","T","E","","","c.69+29A>T","intron","","2","251974","0","7.94e-6","0","17368","0","0","9866","0","0","17346","0","0","22554","0","0","111844","0","2","35710","0","0","6388","0","0","30898","0"
"18","29171964","rs377167174","C","T","E G","","","c.69+30C>T","intron","","23","282208","0","8.15e-5","0","25876","0","0","10158","0","0","18940","0","0","26070","0","22","126386","0","0","36472","0","1","7408","0","0","30898","0"
"18","29171969",".","A","G","G","","","c.69+35A>G","intron","","1","30260","0","3.3e-5","0","8510","0","0","292","0","0","1596","0","0","3518","0","1","14562","0","0","762","0","0","1020","0","0","0","0"
"18","29171972",".","A","G","E","","","c.69+38A>G","intron","","79","251754","1","3.14e-4","0","17368","0","0","9866","0","0","17348","0","0","22544","0","4","111630","0","0","35712","0","0","6388","0","75","30898","1"
"18","29171977","rs369180846","C","T","E","","","c.69+43C>T","intron","","4","251572","0","1.59e-5","0","17368","0","0","9864","0","0","17344","0","0","22522","0","3","111484","0","0","35712","0","0","6386","0","1","30892","0"
"18","29171978","rs372505076","G","A","E G","","","c.69+44G>A","intron","","6","281694","0","2.13e-5","1","25872","0","0","10156","0","0","18938","0","0","26044","0","3","125916","0","2","36470","0","0","7404","0","0","30894","0"
"18","29171979",".","C","T","E","","","c.69+45C>T","intron","","2","251526","0","7.95e-6","0","17368","0","0","9864","0","0","17342","0","0","22538","0","2","111424","0","0","35708","0","0","6386","0","0","30896","0"
"18","29172810",".","T","C","E","","","c.70-49T>C","intron","","1","252018","0","3.97e-6","0","17368","0","0","9866","0","0","17336","0","0","22470","0","1","111998","0","0","35706","0","0","6388","0","0","30886","0"
"18","29172810",".","T","G","E","","","c.70-49T>G","intron","","1","252018","0","3.97e-6","0","17368","0","0","9866","0","1","17336","0","0","22470","0","0","111998","0","0","35706","0","0","6388","0","0","30886","0"
"18","29172813",".","CT","C","E","","","c.70-45delT","intron","","3","252112","0","1.19e-5","0","17368","0","0","9868","0","0","17342","0","0","22506","0","3","112034","0","0","35710","0","0","6388","0","0","30896","0"
"18","29172815",".","C","G","E","","","c.70-44C>G","intron","","1","252146","0","3.97e-6","0","17368","0","0","9870","0","0","17344","0","0","22514","0","0","112054","0","1","35712","0","0","6388","0","0","30896","0"
"18","29172818",".","A","G","E","","","c.70-41A>G","intron","","2","252212","0","7.93e-6","0","17368","0","0","9870","0","0","17342","0","0","22542","0","0","112096","0","0","35708","0","0","6390","0","2","30896","0"
"18","29172822",".","A","G","G","","","c.70-37A>G","intron","","1","30256","0","3.31e-5","1","8512","0","0","292","0","0","1594","0","0","3518","0","0","14558","0","0","762","0","0","1020","0","0","0","0"
"18","29172833","rs767977866","T","C","E G","","","c.70-26T>C","intron","","5","282590","0","1.77e-5","5","25882","0","0","10162","0","0","18942","0","0","26084","0","0","126738","0","0","36474","0","0","7410","0","0","30898","0"
"18","29172839","rs773578107","C","T","E G","","","c.70-20C>T","intron","","6","282584","0","2.12e-5","2","25882","0","0","10160","0","0","18944","0","2","26080","0","1","126736","0","0","36472","0","0","7412","0","1","30898","0"
"18","29172840",".","G","A","E","","","c.70-19G>A","intron","","5","252332","0","1.98e-5","2","17370","0","0","9868","0","2","17348","0","0","22560","0","1","112182","0","0","35712","0","0","6394","0","0","30898","0"
"18","29172840",".","G","C","E","","","c.70-19G>C","intron","","3","252332","0","1.19e-5","0","17370","0","0","9868","0","3","17348","0","0","22560","0","0","112182","0","0","35712","0","0","6394","0","0","30898","0"
"18","29172842","rs753905467","G","A","E G","","","c.70-17G>A","intron","","3","282612","0","1.06e-5","1","25878","0","0","10162","0","0","18944","0","0","26082","0","0","126762","0","0","36472","0","0","7414","0","2","30898","0"
"18","29172843","rs759512847","T","C","E G","","","c.70-16T>C","intron","","10","252364","0","3.96e-5","0","17370","0","0","9868","0","0","17346","0","0","22568","0","1","112208","0","9","35712","0","0","6394","0","0","30898","0"
"18","29172849",".","C","T","G","","","c.70-10C>T","intron","","1","30260","0","3.3e-5","1","8508","0","0","292","0","0","1596","0","0","3518","0","0","14564","0","0","762","0","0","1020","0","0","0","0"
"18","29172850",".","T","C","E","","","c.70-9T>C","intron","","8","252386","0","3.17e-5","0","17370","0","0","9870","0","0","17348","0","0","22570","0","7","112224","0","0","35712","0","0","6394","0","1","30898","0"
"18","29172852",".","C","T","E","c.70-7C>T","","c.70-7C>T","splice region","","43","252372","1","1.7e-4","0","17370","0","0","9870","0","0","17348","0","0","22572","0","6","112208","0","0","35712","0","0","6394","0","37","30898","1"
"18","29172854",".","C","A","E","c.70-5C>A","","c.70-5C>A","splice region","","1","252390","0","3.96e-6","0","17370","0","0","9870","0","0","17348","0","1","22572","0","0","112226","0","0","35712","0","0","6394","0","0","30898","0"
"18","29172855",".","C","G","E","c.70-4C>G","","c.70-4C>G","splice region","","1","252372","0","3.96e-6","0","17370","0","0","9870","0","0","17348","0","0","22568","0","0","112214","0","0","35710","0","0","6394","0","1","30898","0"
"18","29172855",".","C","T","E","c.70-4C>T","","c.70-4C>T","splice region","","2","252372","0","7.92e-6","0","17370","0","0","9870","0","0","17348","0","0","22568","0","2","112214","0","0","35710","0","0","6394","0","0","30898","0"
"18","29172859",".","G","A","E","p.Gly24Ser","p.Gly24Ser","c.70G>A","missense","","1","252394","0","3.96e-6","0","17370","0","0","9870","0","0","17348","0","0","22574","0","0","112228","0","0","35712","0","0","6394","0","1","30898","0"
"18","29172860",".","G","A","E","p.Gly24Asp","p.Gly24Asp","c.71G>A","missense","","1","252392","0","3.96e-6","0","17370","0","0","9870","0","0","17348","0","0","22570","0","1","112226","0","0","35712","0","0","6396","0","0","30900","0"
"18","29172864",".","C","T","E","p.Thr25Thr","p.Thr25Thr","c.75C>T","synonymous","","5","252390","0","1.98e-5","3","17370","0","0","9870","0","0","17348","0","0","22572","0","2","112222","0","0","35712","0","0","6396","0","0","30900","0"
"18","29172865","rs1800458","G","A","E G","p.Gly26Ser","p.Gly26Ser","c.76G>A","missense","","14465","282622","526","5.12e-2","337","25874","1","565","10160","17","5","18944","0","2534","26090","112","9335","126768","365","876","36474","11","413","7412","15","400","30900","5"
"18","29172867","rs779457244","T","C","E G","p.Gly26Gly","p.Gly26Gly","c.78T>C","synonymous","","3","282660","0","1.06e-5","2","25880","0","0","10162","0","0","18942","0","0","26092","0","1","126794","0","0","36474","0","0","7416","0","0","30900","0"
"18","29172874",".","A","T","E","p.Lys29Ter","p.Lys29Ter","c.85A>T","stop gained","","1","252402","0","3.96e-6","0","17370","0","0","9870","0","0","17348","0","0","22574","0","0","112232","0","1","35712","0","0","6396","0","0","30900","0"
"18","29172877","rs121918083","T","C","G","p.Cys30Arg","p.Cys30Arg","c.88T>C","missense","","1","30264","0","3.3e-5","0","8510","0","0","292","0","0","1596","0","0","3518","0","1","14566","0","0","762","0","0","1020","0","0","0","0"
"18","29172879",".","T","C","E","p.Cys30Cys","p.Cys30Cys","c.90T>C","synonymous","","2","252412","0","7.92e-6","2","17370","0","0","9870","0","0","17348","0","0","22574","0","0","112242","0","0","35712","0","0","6396","0","0","30900","0"
"18","29172883",".","C","CTGA","E","p.Met33dup","p.Met33dup","c.97_99dupATG","inframe insertion","","2","252408","0","7.92e-6","0","17370","0","0","9870","0","2","17348","0","0","22574","0","0","112238","0","0","35712","0","0","6396","0","0","30900","0"
"18","29172887",".","T","C","E","p.Met33Thr","p.Met33Thr","c.98T>C","missense","","1","252412","0","3.96e-6","0","17370","0","0","9870","0","0","17348","0","0","22574","0","0","112242","0","0","35712","0","0","6396","0","1","30900","0"
"18","29172903",".","T","C","E","p.Asp38Asp","p.Asp38Asp","c.114T>C","synonymous","","1","252402","0","3.96e-6","0","17370","0","0","9870","0","0","17348","0","0","22574","0","1","112240","0","0","35708","0","0","6394","0","0","30898","0"
"18","29172907",".","G","C","E","p.Val40Leu","p.Val40Leu","c.118G>C","missense","","1","252402","0","3.96e-6","0","17370","0","0","9870","0","0","17344","0","0","22574","0","0","112236","0","1","35712","0","0","6396","0","0","30900","0"
"18","29172908",".","T","C","E","p.Val40Ala","p.Val40Ala","c.119T>C","missense","","1","252414","0","3.96e-6","0","17370","0","0","9870","0","1","17348","0","0","22574","0","0","112244","0","0","35712","0","0","6396","0","0","30900","0"
"18","29172910",".","C","A","E","p.Arg41Arg","p.Arg41Arg","c.121C>A","synonymous","","1","252392","0","3.96e-6","0","17370","0","0","9870","0","0","17344","0","0","22572","0","1","112228","0","0","35712","0","0","6396","0","0","30900","0"
"18","29172911",".","G","A","E","p.Arg41Gln","p.Arg41Gln","c.122G>A","missense","","2","252402","0","7.92e-6","0","17370","0","0","9870","0","0","17344","0","0","22574","0","0","112236","0","0","35712","0","0","6396","0","2","30900","0"
"18","29172916","rs11541800","A","C","G","p.Ser43Arg","p.Ser43Arg","c.127A>C","missense","","1","30252","0","3.31e-5","0","8504","0","0","292","0","1","1596","0","0","3518","0","0","14560","0","0","762","0","0","1020","0","0","0","0"
"18","29172925",".","A","G","E","p.Ile46Val","p.Ile46Val","c.136A>G","missense","","7","252400","0","2.77e-5","0","17370","0","0","9870","0","0","17340","0","0","22574","0","0","112240","0","7","35712","0","0","6396","0","0","30898","0"
"18","29172929","rs145551875","A","G","E G","p.Asn47Ser","p.Asn47Ser","c.140A>G","missense","","8","282638","0","2.83e-5","6","25868","0","0","10162","0","0","18936","0","0","26092","0","2","126798","0","0","36472","0","0","7412","0","0","30898","0"
"18","29172936","rs11081703","C","T","E","p.Ala49Ala","p.Ala49Ala","c.147C>T","synonymous","","1","252396","0","3.96e-6","0","17370","0","0","9870","0","0","17340","0","0","22574","0","0","112236","0","0","35712","0","0","6396","0","1","30898","0"
"18","29172937","rs28933979","G","A","E","p.Val50Met","p.Val50Met","c.148G>A","missense","","25","252396","0","9.91e-5","0","17370","0","0","9870","0","0","17340","0","1","22574","0","18","112236","0","2","35712","0","4","6396","0","0","30898","0"
"18","29172940",".","C","A","E","p.His51Asn","p.His51Asn","c.151C>A","missense","","4","252396","0","1.58e-5","0","17370","0","0","9870","0","0","17342","0","0","22574","0","0","112234","0","3","35712","0","1","6396","0","0","30898","0"
"18","29172940",".","CAT","C","E","p.His51ArgfsTer7","p.His51ArgfsTer7","c.152_153delAT","frameshift","","1","252396","0","3.96e-6","0","17370","0","0","9870","0","0","17342","0","0","22574","0","1","112234","0","0","35712","0","0","6396","0","0","30898","0"
"18","29172941",".","A","C","E","p.His51Pro","p.His51Pro","c.152A>C","missense","","1","252402","0","3.96e-6","1","17370","0","0","9870","0","0","17338","0","0","22572","0","0","112246","0","0","35712","0","0","6396","0","0","30898","0"
"18","29172958",".","G","A","E","p.Ala57Thr","p.Ala57Thr","c.169G>A","missense","","1","252406","0","3.96e-6","1","17370","0","0","9870","0","0","17348","0","0","22572","0","0","112244","0","0","35712","0","0","6394","0","0","30896","0"
"18","29172959",".","C","A","E","p.Ala57Asp","p.Ala57Asp","c.170C>A","missense","","2","252404","0","7.92e-6","0","17370","0","0","9870","0","2","17346","0","0","22572","0","0","112244","0","0","35712","0","0","6394","0","0","30896","0"
"18","29172975",".","G","A","E","p.Glu62Glu","p.Glu62Glu","c.186G>A","synonymous","","1","252400","0","3.96e-6","0","17370","0","0","9870","0","1","17346","0","0","22572","0","0","112236","0","0","35712","0","0","6396","0","0","30898","0"
"18","29172979","rs138065384","T","C","E G","p.Phe64Leu","p.Phe64Leu","c.190T>C","missense","","17","282642","0","6.01e-5","16","25868","0","0","10160","0","0","18940","0","0","26090","0","1","126800","0","0","36474","0","0","7414","0","0","30896","0"
"18","29172993","rs751512499","A","G","E G","c.200+4A>G","","c.200+4A>G","splice region","","5","282654","0","1.77e-5","0","25874","0","0","10162","0","5","18944","0","0","26092","0","0","126796","0","0","36474","0","0","7414","0","0","30898","0"
"18","29172994",".","GT","G","E","c.200+7delT","","c.200+7delT","splice region","","1","252406","0","3.96e-6","0","17370","0","0","9870","0","0","17348","0","0","22574","0","0","112238","0","1","35710","0","0","6396","0","0","30900","0"
"18","29172996",".","T","G","G","c.200+7T>G","","c.200+7T>G","splice region","","1","30250","0","3.31e-5","0","8500","0","0","292","0","0","1596","0","0","3518","0","1","14564","0","0","762","0","0","1018","0","0","0","0"
"18","29172997",".","G","T","E","c.200+8G>T","","c.200+8G>T","splice region","","1","252408","0","3.96e-6","0","17370","0","0","9870","0","0","17348","0","0","22574","0","1","112238","0","0","35712","0","0","6396","0","0","30900","0"
"18","29173004",".","A","G","E","","","n.241A>G","non coding transcript exon","","2","252390","0","7.92e-6","0","17370","0","0","9870","0","1","17346","0","0","22574","0","0","112228","0","1","35710","0","0","6394","0","0","30898","0"
"18","29173006",".","C","A","E","","","n.243C>A","non coding transcript exon","","2","252384","0","7.92e-6","0","17370","0","0","9870","0","0","17346","0","0","22574","0","1","112222","0","0","35710","0","0","6394","0","1","30898","0"
"18","29173012","rs77980928","C","T","E G","","","n.249C>T","non coding transcript exon","","122","282624","0","4.32e-4","3","25872","0","21","10162","0","0","18940","0","0","26090","0","97","126774","0","0","36474","0","1","7412","0","0","30900","0"
"18","29173013",".","A","G","E","","","n.250A>G","non coding transcript exon","","2","252394","0","7.92e-6","0","17370","0","0","9870","0","0","17346","0","0","22574","0","0","112228","0","2","35712","0","0","6394","0","0","30900","0"
"18","29173014","rs376200295","C","G","E G","","","n.251C>G","non coding transcript exon","","8","282620","0","2.83e-5","8","25874","0","0","10160","0","0","18940","0","0","26088","0","0","126774","0","0","36474","0","0","7412","0","0","30898","0"
"18","29173016",".","G","A","E","","","n.253G>A","non coding transcript exon","","1","252380","0","3.96e-6","0","17370","0","0","9870","0","0","17346","0","0","22574","0","1","112216","0","0","35712","0","0","6394","0","0","30898","0"
"18","29173017",".","G","A","E","","","n.254G>A","non coding transcript exon","","1","252378","0","3.96e-6","0","17370","0","0","9870","0","1","17346","0","0","22572","0","0","112216","0","0","35712","0","0","6394","0","0","30898","0"
"18","29173022",".","G","C","E","","","n.259G>C","non coding transcript exon","","1","252360","0","3.96e-6","0","17370","0","0","9870","0","0","17346","0","0","22572","0","1","112202","0","0","35710","0","0","6392","0","0","30898","0"
"18","29173035","rs371148208","C","A","E","","","n.272C>A","non coding transcript exon","","3","252198","0","1.19e-5","0","17370","0","0","9866","0","1","17342","0","0","22560","0","1","112070","0","0","35708","0","0","6388","0","1","30894","0"
"18","29173035","rs371148208","C","T","G","","","n.272C>T","non coding transcript exon","","1","30250","0","3.31e-5","0","8508","0","0","292","0","0","1594","0","0","3518","0","1","14558","0","0","762","0","0","1018","0","0","0","0"
"18","29173036","rs200811834","G","A","E","","","n.273G>A","non coding transcript exon","","12","252206","0","4.76e-5","0","17366","0","0","9866","0","11","17342","0","0","22548","0","1","112096","0","0","35708","0","0","6388","0","0","30892","0"
"18","29173053",".","TAG","T","G","","","n.297_298delAG","non coding transcript exon","","1","30244","0","3.31e-5","1","8500","0","0","292","0","0","1592","0","0","3518","0","0","14562","0","0","762","0","0","1018","0","0","0","0"
"18","29173067",".","C","T","G","","","n.304C>T","non coding transcript exon","","1","30256","0","3.31e-5","0","8508","0","0","292","0","0","1592","0","0","3518","0","1","14564","0","0","762","0","0","1020","0","0","0","0"
"18","29173072","rs550504592","T","A","G","","","n.309T>A","non coding transcript exon","","1","30242","0","3.31e-5","0","8500","0","0","292","0","0","1590","0","0","3518","0","1","14560","0","0","762","0","0","1020","0","0","0","0"
"18","29173105","rs771782153","G","A","G","","","n.342G>A","non coding transcript exon","","4","30250","0","1.32e-4","0","8504","0","0","292","0","0","1592","0","0","3518","0","4","14562","0","0","762","0","0","1020","0","0","0","0"
"18","29173121",".","T","TATGCCCTCTGAAGG","G","","","n.368_381dupGAAGGATGCCCTCT","non coding transcript exon","","1","30256","0","3.31e-5","0","8510","0","0","292","0","0","1594","0","0","3518","0","1","14560","0","0","762","0","0","1020","0","0","0","0"
"18","29173155",".","C","T","G","","","n.392C>T","non coding transcript exon","","1","30184","0","3.31e-5","0","8502","0","0","292","0","1","1592","0","0","3508","0","0","14512","0","0","762","0","0","1016","0","0","0","0"
"18","29173164",".","G","T","G","","","n.401G>T","non coding transcript exon","","1","30242","0","3.31e-5","1","8508","0","0","292","0","0","1594","0","0","3518","0","0","14550","0","0","762","0","0","1018","0","0","0","0"
"18","29173177",".","A","G","G","","","n.414A>G","non coding transcript exon","","1","30260","0","3.3e-5","0","8508","0","0","292","0","0","1596","0","0","3518","0","1","14564","0","0","762","0","0","1020","0","0","0","0"
"18","29173190",".","T","G","G","","","n.427T>G","non coding transcript exon","","1","30252","0","3.31e-5","0","8506","0","0","292","0","0","1596","0","0","3516","0","1","14562","0","0","762","0","0","1018","0","0","0","0"
"18","29173196",".","G","A","G","","","n.433G>A","non coding transcript exon","","7","30244","0","2.31e-4","2","8504","0","0","292","0","0","1594","0","0","3518","0","5","14558","0","0","762","0","0","1016","0","0","0","0"
"18","29173199",".","G","A","G","","","n.436G>A","non coding transcript exon","","1","30244","0","3.31e-5","1","8504","0","0","292","0","0","1596","0","0","3516","0","0","14558","0","0","762","0","0","1016","0","0","0","0"
"18","29173232","rs182465943","T","C","G","","","n.469T>C","non coding transcript exon","","1","30248","0","3.31e-5","1","8502","0","0","292","0","0","1596","0","0","3516","0","0","14560","0","0","762","0","0","1020","0","0","0","0"
"18","29173236",".","C","G","G","","","n.473C>G","non coding transcript exon","","1","30254","0","3.31e-5","0","8506","0","0","292","0","1","1596","0","0","3516","0","0","14562","0","0","762","0","0","1020","0","0","0","0"
"18","29173259",".","T","C","G","","","n.496T>C","non coding transcript exon","","1","30256","0","3.31e-5","0","8506","0","0","292","0","0","1596","0","1","3516","0","0","14566","0","0","762","0","0","1018","0","0","0","0"
"18","29173260",".","G","A","G","","","n.497G>A","non coding transcript exon","","1","30220","0","3.31e-5","0","8496","0","0","292","0","0","1594","0","0","3514","0","1","14546","0","0","760","0","0","1018","0","0","0","0"
"18","29173308",".","CCAGAAAAAATGCA","C","G","","","n.550_562delAAAAATGCACAGA","non coding transcript exon","","1","30192","0","3.31e-5","0","8504","0","0","292","0","1","1594","0","0","3510","0","0","14516","0","0","762","0","0","1014","0","0","0","0"
"18","29173324",".","G","T","G","","","n.561G>T","non coding transcript exon","","1","30248","0","3.31e-5","0","8510","0","0","292","0","0","1594","0","0","3518","0","0","14556","0","1","762","0","0","1016","0","0","0","0"
"18","29173337",".","A","G","G","","","n.574A>G","non coding transcript exon","","1","30254","0","3.31e-5","0","8512","0","0","292","0","0","1596","0","0","3516","0","0","14556","0","0","762","0","1","1020","0","0","0","0"
"18","29173343",".","T","C","G","","","n.580T>C","non coding transcript exon","","1","30230","0","3.31e-5","0","8500","0","0","292","0","0","1596","0","0","3516","0","1","14546","0","0","762","0","0","1018","0","0","0","0"
"18","29173351","rs554940721","G","C","G","","","n.588G>C","non coding transcript exon","","6","30252","0","1.98e-4","6","8506","0","0","292","0","0","1596","0","0","3518","0","0","14560","0","0","760","0","0","1020","0","0","0","0"
"18","29173395","rs562210002","AC","A","G","","","n.634delC","non coding transcript exon","","86","30262","1","2.84e-3","85","8510","1","0","292","0","0","1596","0","0","3516","0","0","14566","0","1","762","0","0","1020","0","0","0","0"
"18","29173397",".","C","T","G","","","n.634C>T","non coding transcript exon","","1","30080","0","3.32e-5","0","8338","0","0","292","0","0","1596","0","1","3514","0","0","14560","0","0","760","0","0","1020","0","0","0","0"
"18","29173398",".","A","G","G","","","n.635A>G","non coding transcript exon","","2","30264","0","6.61e-5","1","8514","0","0","292","0","0","1596","0","0","3518","0","1","14562","0","0","762","0","0","1020","0","0","0","0"
"18","29173404",".","A","T","G","","","n.641A>T","non coding transcript exon","","1","30260","0","3.3e-5","0","8506","0","0","292","0","1","1594","0","0","3518","0","0","14568","0","0","762","0","0","1020","0","0","0","0"
"18","29173411",".","C","T","G","","","n.648C>T","non coding transcript exon","","3","30246","0","9.92e-5","0","8506","0","0","292","0","0","1596","0","0","3518","0","3","14552","0","0","762","0","0","1020","0","0","0","0"
"18","29173413",".","T","A","G","","","n.650T>A","non coding transcript exon","","1","30248","0","3.31e-5","0","8500","0","0","292","0","1","1596","0","0","3516","0","0","14562","0","0","762","0","0","1020","0","0","0","0"
"18","29173434","rs769101428","G","A","G","","","n.671G>A","non coding transcript exon","","1","30236","0","3.31e-5","1","8504","0","0","292","0","0","1596","0","0","3514","0","0","14548","0","0","762","0","0","1020","0","0","0","0"
"18","29173434","rs769101428","G","T","G","","","n.671G>T","non coding transcript exon","","1","30236","0","3.31e-5","1","8504","0","0","292","0","0","1596","0","0","3514","0","0","14548","0","0","762","0","0","1020","0","0","0","0"
"18","29173442","rs188332538","G","A","G","","","n.679G>A","non coding transcript exon","","21","30242","0","6.94e-4","3","8506","0","0","292","0","0","1596","0","0","3512","0","0","14556","0","18","762","0","0","1018","0","0","0","0"
"18","29173442","rs188332538","G","T","G","","","n.679G>T","non coding transcript exon","","1","30242","0","3.31e-5","0","8506","0","0","292","0","1","1596","0","0","3512","0","0","14556","0","0","762","0","0","1018","0","0","0","0"
"18","29173473",".","T","C","G","","","n.710T>C","non coding transcript exon","","1","30246","0","3.31e-5","1","8504","0","0","292","0","0","1596","0","0","3516","0","0","14556","0","0","762","0","0","1020","0","0","0","0"
"18","29173480",".","A","C","G","","","n.717A>C","non coding transcript exon","","8","30248","0","2.64e-4","1","8506","0","0","292","0","0","1596","0","6","3514","0","1","14558","0","0","762","0","0","1020","0","0","0","0"
"18","29175032",".","G","A","E","","","c.201-51G>A","intron","","1","248020","0","4.03e-6","0","16998","0","0","9748","0","1","17140","0","0","22326","0","0","110064","0","0","35278","0","0","6304","0","0","30162","0"
"18","29175033","rs199852729","C","T","E G","","","c.201-50C>T","intron","","12","278486","0","4.31e-5","0","25512","0","0","10042","0","7","18760","0","0","25872","0","0","124736","0","5","36044","0","0","7326","0","0","30194","0"
"18","29175045","rs772656895","T","G","E G","","","c.201-38T>G","intron","","2","280862","0","7.12e-6","0","25720","0","0","10100","0","0","18840","0","0","25996","0","2","125990","0","0","36298","0","0","7374","0","0","30544","0"
"18","29175046",".","C","T","E","","","c.201-37C>T","intron","","26","250678","0","1.04e-4","0","17224","0","0","9812","0","0","17240","0","0","22460","0","0","111472","0","0","35534","0","0","6364","0","26","30572","0"
"18","29175051","rs189979926","C","A","E","","","c.201-32C>A","intron","","1","251246","0","3.98e-6","0","17272","0","0","9830","0","0","17272","0","0","22504","0","0","111740","0","1","35584","0","0","6364","0","0","30680","0"
"18","29175051","rs189979926","C","T","E G","","","c.201-32C>T","intron","","372","281494","5","1.32e-3","346","25774","5","0","10122","0","0","18868","0","0","26022","0","3","126298","0","20","36346","0","3","7384","0","0","30680","0"
"18","29175052","rs80267101","G","A","E G","","","c.201-31G>A","intron","","71","281536","0","2.52e-4","1","25784","0","0","10128","0","0","18874","0","1","26034","0","38","126306","0","28","36344","0","2","7384","0","1","30682","0"
"18","29175056",".","C","A","E","","","c.201-27C>A","intron","","1","251756","0","3.97e-6","0","17326","0","0","9848","0","0","17310","0","0","22530","0","1","111952","0","0","35638","0","0","6376","0","0","30776","0"
"18","29175057",".","T","G","E","","","c.201-26T>G","intron","","1","251790","0","3.97e-6","0","17336","0","0","9850","0","0","17310","0","0","22528","0","1","111970","0","0","35638","0","0","6378","0","0","30780","0"
"18","29175062",".","C","T","G","","","c.201-21C>T","intron","","1","30236","0","3.31e-5","0","8504","0","0","292","0","0","1594","0","0","3514","0","1","14550","0","0","762","0","0","1020","0","0","0","0"
"18","29175075",".","C","A","E","c.201-8C>A","","c.201-8C>A","splice region","","1","252208","0","3.96e-6","0","17364","0","0","9862","0","1","17336","0","0","22556","0","0","112148","0","0","35688","0","0","6392","0","0","30862","0"
"18","29175076",".","C","T","E","c.201-7C>T","","c.201-7C>T","splice region","","2","252176","0","7.93e-6","0","17364","0","0","9856","0","0","17332","0","0","22562","0","0","112126","0","2","35684","0","0","6390","0","0","30862","0"
"18","29175079","rs775510503","A","G","E G","c.201-4A>G","","c.201-4A>G","splice region","","17","282482","0","6.02e-5","0","25872","0","0","10152","0","0","18932","0","17","26082","0","0","126706","0","0","36456","0","0","7414","0","0","30868","0"
"18","29175089",".","C","G","E","p.Thr69Thr","p.Thr69Thr","c.207C>G","synonymous","","2","252292","0","7.93e-6","0","17366","0","0","9868","0","2","17338","0","0","22568","0","0","112180","0","0","35704","0","0","6392","0","0","30876","0"
"18","29175090",".","A","G","E","p.Ser70Gly","p.Ser70Gly","c.208A>G","missense","","1","252322","0","3.96e-6","0","17364","0","0","9868","0","0","17342","0","0","22566","0","1","112202","0","0","35704","0","0","6392","0","0","30884","0"
"18","29175091","rs121918080","G","A","E G","p.Ser70Asn","p.Ser70Asn","c.209G>A","missense","","7","282564","0","2.48e-5","1","25872","0","0","10160","0","0","18936","0","0","26080","0","6","126756","0","0","36462","0","0","7410","0","0","30888","0"
"18","29175094",".","A","C","G","p.Glu71Ala","p.Glu71Ala","c.212A>C","missense","","1","30246","0","3.31e-5","1","8502","0","0","292","0","0","1594","0","0","3518","0","0","14558","0","0","762","0","0","1020","0","0","0","0"
"18","29175095",".","G","A","G","p.Glu71Glu","p.Glu71Glu","c.213G>A","synonymous","","1","30256","0","3.31e-5","0","8508","0","0","292","0","0","1596","0","0","3518","0","1","14560","0","0","762","0","0","1020","0","0","0","0"
"18","29175097",".","C","A","E","p.Ser72Tyr","p.Ser72Tyr","c.215C>A","missense","","1","252330","0","3.96e-6","0","17368","0","0","9868","0","0","17340","0","0","22570","0","0","112200","0","1","35702","0","0","6392","0","0","30890","0"
"18","29175108","rs1803084","C","T","E","p.His76Tyr","p.His76Tyr","c.226C>T","missense","","1","252340","0","3.96e-6","0","17368","0","0","9868","0","0","17342","0","1","22574","0","0","112200","0","0","35706","0","0","6390","0","0","30892","0"
"18","29175109","rs78230119","A","G","G","p.His76Arg","p.His76Arg","c.227A>G","missense","","1","30262","0","3.3e-5","0","8508","0","0","292","0","0","1596","0","0","3518","0","1","14566","0","0","762","0","0","1020","0","0","0","0"
"18","29175117",".","A","G","E","p.Thr79Ala","p.Thr79Ala","c.235A>G","missense","","11","252368","0","4.36e-5","0","17368","0","0","9868","0","0","17346","0","0","22572","0","1","112222","0","10","35706","0","0","6392","0","0","30894","0"
"18","29175120","rs121918070","A","G","E","p.Thr80Ala","p.Thr80Ala","c.238A>G","missense","","1","252376","0","3.96e-6","0","17370","0","0","9868","0","0","17348","0","0","22570","0","1","112226","0","0","35706","0","0","6394","0","0","30894","0"
"18","29175128",".","G","C","E","p.Glu82Asp","p.Glu82Asp","c.246G>C","missense","","3","252382","0","1.19e-5","0","17370","0","0","9870","0","3","17348","0","0","22574","0","0","112226","0","0","35704","0","0","6394","0","0","30896","0"
"18","29175132","rs121918091","T","C","E","p.Phe84Leu","p.Phe84Leu","c.250T>C","missense","","1","252372","0","3.96e-6","0","17370","0","0","9870","0","0","17348","0","0","22574","0","1","112218","0","0","35704","0","0","6394","0","0","30894","0"
"18","29175143",".","G","T","G","p.Gly87Gly","p.Gly87Gly","c.261G>T","synonymous","","1","30258","0","3.3e-5","0","8510","0","0","292","0","1","1596","0","0","3516","0","0","14562","0","0","762","0","0","1020","0","0","0","0"
"18","29175144","rs121918085","A","T","E G","p.Ile88Leu","p.Ile88Leu","c.262A>T","missense","","6","282626","0","2.12e-5","1","25880","0","0","10162","0","0","18940","0","0","26088","0","5","126778","0","0","36468","0","0","7412","0","0","30898","0"
"18","29175148",".","A","G","E","p.Tyr89Cys","p.Tyr89Cys","c.266A>G","missense","","1","252364","0","3.96e-6","0","17370","0","0","9870","0","0","17346","0","0","22572","0","0","112208","0","1","35706","0","0","6394","0","0","30898","0"
"18","29175149",".","C","T","E","p.Tyr89Tyr","p.Tyr89Tyr","c.267C>T","synonymous","","6","252358","0","2.38e-5","0","17368","0","0","9870","0","5","17344","0","0","22572","0","0","112202","0","0","35708","0","1","6396","0","0","30898","0"
"18","29175150","rs778412314","A","C","E G","p.Lys90Gln","p.Lys90Gln","c.268A>C","missense","","1","30254","0","3.31e-5","0","8506","0","0","292","0","0","1594","0","1","3516","0","0","14564","0","0","762","0","0","1020","0","0","0","0"
"18","29175162",".","G","C","E","p.Asp94His","p.Asp94His","c.280G>C","missense","","12","252368","0","4.75e-5","0","17370","0","0","9870","0","0","17348","0","1","22574","0","11","112202","0","0","35710","0","0","6396","0","0","30898","0"
"18","29175183",".","G","A","E","p.Ala101Thr","p.Ala101Thr","c.301G>A","missense","","3","252350","0","1.19e-5","1","17370","0","0","9870","0","0","17344","0","0","22574","0","2","112190","0","0","35710","0","0","6394","0","0","30898","0"
"18","29175183",".","G","T","E","p.Ala101Ser","p.Ala101Ser","c.301G>T","missense","","1","252350","0","3.96e-6","0","17370","0","0","9870","0","1","17344","0","0","22574","0","0","112190","0","0","35710","0","0","6394","0","0","30898","0"
"18","29175187",".","T","C","E","p.Leu102Pro","p.Leu102Pro","c.305T>C","missense","","1","252364","0","3.96e-6","0","17370","0","0","9868","0","0","17346","0","0","22574","0","1","112204","0","0","35710","0","0","6394","0","0","30898","0"
"18","29175192",".","A","C","E","p.Ile104Leu","p.Ile104Leu","c.310A>C","missense","","1","252338","0","3.96e-6","0","17370","0","0","9868","0","0","17344","0","0","22574","0","1","112182","0","0","35710","0","0","6392","0","0","30898","0"
"18","29175197","rs11541787","C","A","E G","p.Ser105Ser","p.Ser105Ser","c.315C>A","synonymous","","9","282594","0","3.18e-5","0","25874","0","0","10160","0","0","18940","0","0","26090","0","0","126748","0","9","36472","0","0","7412","0","0","30898","0"
"18","29175197","rs11541787","C","T","E","p.Ser105Ser","p.Ser105Ser","c.315C>T","synonymous","","1","252338","0","3.96e-6","0","17368","0","0","9868","0","0","17346","0","0","22574","0","1","112182","0","0","35710","0","0","6392","0","0","30898","0"
"18","29175210","rs121918074","C","A","E G","p.His110Asn","p.His110Asn","c.328C>A","missense","","149","282592","0","5.27e-4","0","25872","0","86","10162","0","0","18938","0","0","26090","0","50","126748","0","2","36470","0","7","7414","0","4","30898","0"
"18","29175215",".","A","G","E","p.Ala111Ala","p.Ala111Ala","c.333A>G","synonymous","","1","252324","0","3.96e-6","0","17370","0","0","9870","0","0","17344","0","0","22574","0","1","112166","0","0","35708","0","0","6394","0","0","30898","0"
"18","29175218",".","G","A","E","c.336G>A","p.Glu112Glu","c.336G>A","splice region","","1","252320","0","3.96e-6","0","17370","0","0","9870","0","0","17340","0","0","22574","0","1","112168","0","0","35706","0","0","6394","0","0","30898","0"
"18","29175226",".","T","C","E G","c.336+8T>C","","c.336+8T>C","splice region","","2","282540","0","7.08e-6","0","25870","0","0","10160","0","1","18936","0","0","26090","0","1","126706","0","0","36466","0","0","7414","0","0","30898","0"
"18","29175229",".","A","C","E","","","n.373A>C","non coding transcript exon","","1","252274","0","3.96e-6","0","17368","0","0","9866","0","0","17342","0","0","22574","0","1","112130","0","0","35704","0","0","6392","0","0","30898","0"
"18","29175232",".","C","T","E","","","n.376C>T","non coding transcript exon","","7","252272","0","2.77e-5","0","17368","0","0","9866","0","0","17344","0","0","22572","0","0","112130","0","0","35704","0","0","6392","0","7","30896","0"
"18","29175233",".","C","T","E","","","n.377C>T","non coding transcript exon","","2","252262","0","7.93e-6","0","17368","0","0","9866","0","1","17340","0","0","22572","0","0","112128","0","0","35700","0","1","6392","0","0","30896","0"
"18","29175236","rs370628373","C","T","E G","","","n.380C>T","non coding transcript exon","","12","282458","0","4.25e-5","0","25866","0","0","10154","0","1","18934","0","0","26088","0","7","126652","0","1","36462","0","1","7408","0","2","30894","0"
"18","29175237","rs75517067","G","A","E G","","","n.381G>A","non coding transcript exon","","266","282462","2","9.42e-4","244","25872","2","0","10156","0","0","18932","0","0","26092","0","1","126644","0","19","36460","0","0","7410","0","2","30896","0"
"18","29175239",".","G","A","E","","","n.383G>A","non coding transcript exon","","1","252196","0","3.97e-6","0","17364","0","0","9864","0","0","17340","0","0","22572","0","1","112080","0","0","35698","0","0","6386","0","0","30892","0"
"18","29175241",".","G","A","E","","","n.385G>A","non coding transcript exon","","1","252156","0","3.97e-6","0","17368","0","0","9862","0","0","17338","0","0","22570","0","1","112044","0","0","35694","0","0","6390","0","0","30890","0"
"18","29175244","rs368289507","G","C","E","","","n.388G>C","non coding transcript exon","","5","252026","0","1.98e-5","0","17358","0","0","9862","0","0","17332","0","0","22568","0","4","111952","0","0","35692","0","1","6382","0","0","30880","0"
"18","29175245",".","T","C","E","","","n.389T>C","non coding transcript exon","","1","252032","0","3.97e-6","0","17360","0","0","9860","0","0","17330","0","0","22568","0","0","111962","0","0","35690","0","0","6384","0","1","30878","0"
"18","29175249",".","G","T","E","","","n.393G>T","non coding transcript exon","","1","251984","0","3.97e-6","0","17362","0","0","9860","0","0","17334","0","0","22560","0","1","111912","0","0","35690","0","0","6382","0","0","30884","0"
"18","29175257",".","T","C","E","","","n.401T>C","non coding transcript exon","","1","251792","0","3.97e-6","0","17344","0","0","9856","0","0","17322","0","0","22558","0","1","111794","0","0","35680","0","0","6374","0","0","30864","0"
"18","29175267",".","T","C","E","","","n.411T>C","non coding transcript exon","","1","250918","0","3.99e-6","0","17306","0","0","9834","0","0","17264","0","0","22538","0","0","111264","0","1","35594","0","0","6356","0","0","30762","0"
"18","29175271",".","A","C","E","","","n.415A>C","non coding transcript exon","","1","250104","0","4e-6","0","17250","0","0","9818","0","0","17228","0","1","22520","0","0","110740","0","0","35548","0","0","6336","0","0","30664","0"
"18","29175286","rs765022614","C","T","E G","","","n.430C>T","non coding transcript exon","","24","273918","0","8.76e-5","0","25312","0","22","9996","0","0","18396","0","0","25816","0","1","121358","0","0","35756","0","1","7226","0","0","30058","0"
"18","29175293",".","A","G","E","","","n.437A>G","non coding transcript exon","","1","240656","0","4.16e-6","0","16596","0","0","9640","0","0","16628","0","0","22204","0","1","105016","0","0","34652","0","0","6136","0","0","29784","0"
"18","29175293",".","A","T","E","","","n.437A>T","non coding transcript exon","","1","240656","0","4.16e-6","0","16596","0","0","9640","0","0","16628","0","0","22204","0","1","105016","0","0","34652","0","0","6136","0","0","29784","0"
"18","29175306",".","C","T","E","","","n.450C>T","non coding transcript exon","","1","228196","0","4.38e-6","0","15672","0","0","9396","0","0","15788","0","0","21660","0","0","97934","0","0","33102","0","0","5914","0","1","28730","0"
"18","29175308",".","G","A","G","","","n.452G>A","non coding transcript exon","","1","30234","0","3.31e-5","0","8500","0","0","292","0","0","1594","0","0","3518","0","1","14548","0","0","762","0","0","1020","0","0","0","0"
"18","29175322",".","A","C","E","","","n.466A>C","non coding transcript exon","","1","204932","0","4.88e-6","0","13894","0","0","8964","0","0","14086","0","0","20394","0","1","85100","0","0","30256","0","0","5484","0","0","26754","0"
"18","29175323",".","A","G","E","","","n.467A>G","non coding transcript exon","","7","205028","0","3.41e-5","1","13898","0","0","8976","0","0","14096","0","0","20384","0","6","85140","0","0","30278","0","0","5492","0","0","26764","0"
"18","29175324","rs758040606","G","T","E G","","","n.468G>T","non coding transcript exon","","2","230300","0","8.68e-6","2","22062","0","0","9172","0","0","15274","0","0","23560","0","0","96944","0","0","30524","0","0","6402","0","0","26362","0"
"18","29175325","rs542015380","G","A","E G","","","n.469G>A","non coding transcript exon","","11","230490","0","4.77e-5","9","22050","0","0","9172","0","0","15324","0","0","23572","0","0","97058","0","2","30522","0","0","6418","0","0","26374","0"
"18","29175340",".","A","C","E","","","n.484A>C","non coding transcript exon","","1","176346","0","5.67e-6","0","11594","0","0","8544","0","0","11956","0","0","18206","0","0","69208","0","0","27284","0","0","4920","0","1","24634","0"
"18","29175340",".","A","G","E","","","n.484A>G","non coding transcript exon","","1","176346","0","5.67e-6","0","11594","0","0","8544","0","0","11956","0","0","18206","0","1","69208","0","0","27284","0","0","4920","0","0","24634","0"
"18","29175354","rs146918944","A","G","E G","","","n.498A>G","non coding transcript exon","","19","185680","0","1.02e-4","19","18440","0","0","8502","0","0","12286","0","0","19426","0","0","71518","0","0","26652","0","0","5576","0","0","23280","0"
"18","29175361",".","A","C","E","","","n.505A>C","non coding transcript exon","","6","151450","0","3.96e-5","0","9570","0","0","8136","0","0","10484","0","0","15178","0","0","54838","0","0","25722","0","0","4478","0","6","23044","0"
"18","29175369",".","A","G","E","","","n.513A>G","non coding transcript exon","","1","148258","0","6.74e-6","0","9344","0","0","8066","0","0","10340","0","0","14384","0","1","53166","0","0","25644","0","0","4410","0","0","22904","0"
"18","29175376",".","A","T","E","","","n.520A>T","non coding transcript exon","","1","144742","0","6.91e-6","0","9008","0","0","8002","0","0","10264","0","0","13422","0","1","51364","0","0","25584","0","0","4334","0","0","22764","0"
"18","29175379","rs763126148","C","T","E G","","","n.523C>T","non coding transcript exon","","1","30254","0","3.31e-5","0","8504","0","0","292","0","0","1596","0","0","3516","0","1","14564","0","0","762","0","0","1020","0","0","0","0"
"18","29175388",".","GCA","G","E","","","n.533_534delCA","non coding transcript exon","","2","141026","0","1.42e-5","0","8758","0","0","7948","0","0","10184","0","0","11846","0","0","49772","0","2","25546","0","0","4272","0","0","22700","0"
"18","29175389","rs552165039","C","A","E G","","","n.533C>A","non coding transcript exon","","6","171050","0","3.51e-5","3","17250","0","0","8240","0","0","11776","0","0","15272","0","3","64230","0","0","26310","0","0","5282","0","0","22690","0"
"18","29175415",".","A","G","E","","","n.559A>G","non coding transcript exon","","1","134922","0","7.41e-6","0","8448","0","0","7894","0","0","10090","0","0","8346","0","0","47874","0","0","25456","0","0","4176","0","1","22638","0"
"18","29175424","rs766524929","G","A","E G","","","n.568G>A","non coding transcript exon","","3","163674","0","1.83e-5","1","16870","0","0","8172","0","0","11662","0","0","10998","0","2","62006","0","0","26174","0","0","5168","0","0","22624","0"
"18","29175433",".","C","A","G","","","n.577C>A","non coding transcript exon","","1","30260","0","3.3e-5","0","8510","0","0","292","0","0","1596","0","0","3516","0","1","14564","0","0","762","0","0","1020","0","0","0","0"
"18","29175437",".","A","G","G","","","n.581A>G","non coding transcript exon","","3","30262","0","9.91e-5","3","8508","0","0","292","0","0","1596","0","0","3518","0","0","14566","0","0","762","0","0","1020","0","0","0","0"
"18","29175446",".","G","A","G","","","n.590G>A","non coding transcript exon","","1","30258","0","3.3e-5","0","8504","0","0","292","0","1","1596","0","0","3518","0","0","14566","0","0","762","0","0","1020","0","0","0","0"
"18","29175464","rs137995483","T","G","G","","","n.608T>G","non coding transcript exon","","1","30266","0","3.3e-5","1","8510","0","0","292","0","0","1596","0","0","3518","0","0","14570","0","0","760","0","0","1020","0","0","0","0"
"18","29175469",".","T","C","G","","","n.613T>C","non coding transcript exon","","1","30258","0","3.3e-5","0","8504","0","0","292","0","0","1596","0","0","3518","0","1","14568","0","0","762","0","0","1018","0","0","0","0"
"18","29175517","rs531198765","T","C","G","","","n.661T>C","non coding transcript exon","","58","30248","0","1.92e-3","58","8502","0","0","292","0","0","1596","0","0","3518","0","0","14560","0","0","762","0","0","1018","0","0","0","0"
"18","29175543","rs149475472","G","C","G","","","n.687G>C","non coding transcript exon","","101","30240","0","3.34e-3","99","8490","0","0","292","0","0","1596","0","0","3518","0","0","14566","0","2","762","0","0","1016","0","0","0","0"
"18","29175546",".","T","C","G","","","n.690T>C","non coding transcript exon","","1","30218","0","3.31e-5","0","8482","0","0","292","0","0","1594","0","0","3516","0","0","14556","0","0","762","0","1","1016","0","0","0","0"
"18","29175549","rs181182372","A","G","G","","","n.693A>G","non coding transcript exon","","31","30240","0","1.03e-3","0","8492","0","0","292","0","0","1594","0","19","3518","0","9","14566","0","0","762","0","3","1016","0","0","0","0"
"18","29175560",".","G","A","G","","","n.704G>A","non coding transcript exon","","1","30240","0","3.31e-5","1","8494","0","0","292","0","0","1596","0","0","3516","0","0","14562","0","0","762","0","0","1018","0","0","0","0"
"18","29175572","rs186254252","T","C","G","","","n.716T>C","non coding transcript exon","","31","30228","0","1.03e-3","30","8490","0","0","292","0","0","1594","0","0","3518","0","0","14556","0","1","762","0","0","1016","0","0","0","0"
"18","29175579",".","C","T","G","","","n.723C>T","non coding transcript exon","","1","30202","0","3.31e-5","1","8474","0","0","292","0","0","1592","0","0","3518","0","0","14548","0","0","762","0","0","1016","0","0","0","0"
"18","29175588","rs189110087","G","A","G","","","n.732G>A","non coding transcript exon","","142","30190","1","4.7e-3","13","8462","0","3","292","0","0","1594","0","6","3514","0","113","14548","1","2","762","0","5","1018","0","0","0","0"
"18","29175614","rs577478388","C","G","G","","","n.758C>G","non coding transcript exon","","1","30228","0","3.31e-5","1","8486","0","0","292","0","0","1592","0","0","3516","0","0","14562","0","0","762","0","0","1018","0","0","0","0"
"18","29175615","rs753737001","T","C","G","","","n.759T>C","non coding transcript exon","","14","30234","0","4.63e-4","2","8492","0","0","292","0","0","1594","0","0","3516","0","12","14560","0","0","762","0","0","1018","0","0","0","0"
"18","29175636","rs538193272","A","G","G","","","n.780A>G","non coding transcript exon","","1","30244","0","3.31e-5","1","8494","0","0","292","0","0","1596","0","0","3516","0","0","14564","0","0","762","0","0","1020","0","0","0","0"
"18","29175650","rs143945158","A","G","G","","","n.794A>G","non coding transcript exon","","134","30252","2","4.43e-3","132","8498","2","0","292","0","0","1596","0","0","3518","0","0","14566","0","2","762","0","0","1020","0","0","0","0"
"18","29175700",".","A","AGAT","G","","","n.845_847dupGAT","non coding transcript exon","","1","30236","0","3.31e-5","0","8496","0","0","292","0","0","1592","0","0","3518","0","1","14558","0","0","762","0","0","1018","0","0","0","0"
"18","29175724","rs574950892","C","T","G","","","n.868C>T","non coding transcript exon","","10","30250","0","3.31e-4","10","8504","0","0","292","0","0","1594","0","0","3516","0","0","14562","0","0","762","0","0","1020","0","0","0","0"
"18","29175733",".","G","T","G","","","n.877G>T","non coding transcript exon","","1","30242","0","3.31e-5","0","8500","0","0","292","0","0","1592","0","0","3516","0","1","14562","0","0","762","0","0","1018","0","0","0","0"
"18","29175743",".","T","A","G","","","n.887T>A","non coding transcript exon","","1","30256","0","3.31e-5","0","8508","0","0","292","0","1","1596","0","0","3518","0","0","14562","0","0","762","0","0","1018","0","0","0","0"
"18","29175747","rs542325701","T","C","G","","","n.891T>C","non coding transcript exon","","2","30248","0","6.61e-5","2","8500","0","0","292","0","0","1594","0","0","3518","0","0","14562","0","0","762","0","0","1020","0","0","0","0"
"18","29175751",".","T","C","G","","","n.895T>C","non coding transcript exon","","1","30258","0","3.3e-5","0","8506","0","0","292","0","0","1596","0","0","3518","0","1","14564","0","0","762","0","0","1020","0","0","0","0"
"18","29175776","rs560663292","C","G","G","","","n.920C>G","non coding transcript exon","","8","30242","0","2.65e-4","0","8500","0","0","292","0","7","1594","0","0","3518","0","0","14556","0","0","762","0","1","1020","0","0","0","0"
"18","29178458",".","G","A","E","","","c.337-73G>A","intron","","1","246820","0","4.05e-6","0","16914","0","0","9700","0","0","17032","0","0","22100","0","0","108716","0","0","35458","0","0","6234","0","1","30666","0"
"18","29178475",".","A","T","G","","","c.337-56A>T","intron","","1","30250","0","3.31e-5","0","8512","0","0","292","0","0","1590","0","0","3516","0","1","14560","0","0","762","0","0","1018","0","0","0","0"
"18","29178483",".","C","T","E","","","c.337-48C>T","intron","","6","250876","0","2.39e-5","2","17282","0","0","9830","0","3","17300","0","0","22450","0","1","111102","0","0","35674","0","0","6366","0","0","30872","0"
"18","29178484","rs140686255","G","A","E G","","","c.337-47G>A","intron","","264","281096","5","9.39e-4","0","25784","0","0","10124","0","254","18900","5","0","25918","0","2","125664","0","0","36438","0","3","7380","0","5","30888","0"
"18","29178484","rs140686255","G","T","E","","","c.337-47G>T","intron","","1","250842","0","3.99e-6","0","17276","0","0","9832","0","0","17306","0","0","22402","0","0","111102","0","0","35676","0","1","6360","0","0","30888","0"
"18","29178490",".","C","T","E","","","c.337-41C>T","intron","","4","251190","0","1.59e-5","0","17310","0","0","9840","0","0","17312","0","0","22474","0","1","111320","0","0","35680","0","0","6368","0","3","30886","0"
"18","29178491","rs372252479","G","A","E","","","c.337-40G>A","intron","","4","251114","0","1.59e-5","0","17304","0","0","9836","0","0","17302","0","0","22452","0","3","111282","0","1","35682","0","0","6366","0","0","30890","0"
"18","29178491","rs372252479","G","C","E","","","c.337-40G>C","intron","","1","251114","0","3.98e-6","0","17304","0","0","9836","0","0","17302","0","0","22452","0","1","111282","0","0","35682","0","0","6366","0","0","30890","0"
"18","29178492",".","G","T","E","","","c.337-39G>T","intron","","2","251326","0","7.96e-6","0","17322","0","0","9842","0","0","17316","0","0","22482","0","2","111408","0","0","35690","0","0","6370","0","0","30896","0"
"18","29178496",".","C","G","E","","","c.337-35C>G","intron","","1","251542","0","3.98e-6","0","17334","0","0","9850","0","0","17328","0","0","22504","0","0","111554","0","0","35700","0","1","6378","0","0","30894","0"
"18","29178498",".","G","T","E","","","c.337-33G>T","intron","","1","251560","0","3.98e-6","0","17336","0","0","9850","0","0","17328","0","0","22510","0","1","111578","0","0","35692","0","0","6374","0","0","30892","0"
"18","29178506",".","T","G","E","","","c.337-25T>G","intron","","1","251814","0","3.97e-6","1","17340","0","0","9850","0","0","17330","0","0","22530","0","0","111780","0","0","35702","0","0","6384","0","0","30898","0"
"18","29178507","rs376188620","G","A","E","","","c.337-24G>A","intron","","1","251772","0","3.97e-6","0","17338","0","0","9850","0","0","17322","0","0","22520","0","0","111762","0","0","35702","0","0","6380","0","1","30898","0"
"18","29178507","rs376188620","G","C","E","","","c.337-24G>C","intron","","1","251772","0","3.97e-6","0","17338","0","0","9850","0","0","17322","0","0","22520","0","1","111762","0","0","35702","0","0","6380","0","0","30898","0"
"18","29178508",".","G","T","E","","","c.337-23G>T","intron","","2","251732","0","7.94e-6","0","17334","0","0","9846","0","0","17326","0","1","22522","0","1","111722","0","0","35702","0","0","6384","0","0","30896","0"
"18","29178509","rs377225329","ATCTG","A","E G","","","c.337-14_337-11delGTCT","intron","","112","282010","1","3.97e-4","92","25852","1","0","10140","0","0","18918","0","0","26028","0","6","126310","0","9","36462","0","4","7404","0","1","30896","0"
"18","29178512",".","T","C","G","","","c.337-19T>C","intron","","1","30268","0","3.3e-5","1","8514","0","0","292","0","0","1596","0","0","3516","0","0","14568","0","0","762","0","0","1020","0","0","0","0"
"18","29178513","rs36204272","G","C","E G","","","c.337-18G>C","intron","","16317","282006","760","5.79e-2","2510","25846","111","550","10138","17","1402","18914","58","490","26028","3","4703","126338","82","5638","36438","466","373","7404","11","651","30900","12"
"18","29178515",".","C","G","E","","","c.337-16C>G","intron","","1","251894","0","3.97e-6","0","17346","0","0","9854","0","0","17328","0","0","22522","0","0","111860","0","1","35700","0","0","6386","0","0","30898","0"
"18","29178518",".","T","C","E","","","c.337-13T>C","intron","","2","251916","0","7.94e-6","0","17342","0","0","9854","0","0","17332","0","0","22522","0","2","111884","0","0","35696","0","0","6390","0","0","30896","0"
"18","29178519","rs190504111","C","T","E","","","c.337-12C>T","intron","","1","251922","0","3.97e-6","0","17346","0","0","9856","0","1","17330","0","0","22510","0","0","111896","0","0","35696","0","0","6388","0","0","30900","0"
"18","29178528","rs774027595","T","C","E G","c.337-3T>C","","c.337-3T>C","splice region","","3","282262","0","1.06e-5","0","25858","0","0","10144","0","0","18932","0","0","26030","0","2","126526","0","1","36460","0","0","7412","0","0","30900","0"
"18","29178542",".","A","G","E","p.Thr116Thr","p.Thr116Thr","c.348A>G","synonymous","","1","252040","0","3.97e-6","0","17354","0","0","9858","0","0","17344","0","0","22492","0","0","111996","0","0","35704","0","0","6392","0","1","30900","0"
"18","29178543","rs267607161","G","T","E G","p.Ala117Ser","p.Ala117Ser","c.349G>T","missense","","2","282168","0","7.09e-6","0","25860","0","0","10152","0","2","18936","0","0","25940","0","0","126518","0","0","36464","0","0","7400","0","0","30898","0"
"18","29178548","rs11541797","C","T","E G","p.Asn118Asn","p.Asn118Asn","c.354C>T","synonymous","","34","282216","0","1.2e-4","8","25864","0","0","10154","0","0","18940","0","5","25922","0","8","126570","0","5","36468","0","0","7398","0","8","30900","0"
"18","29178549","rs76410435","G","A","E G","p.Asp119Asn","p.Asp119Asn","c.355G>A","missense","","9","282116","0","3.19e-5","0","25862","0","0","10152","0","3","18940","0","0","25882","0","4","126508","0","1","36470","0","1","7402","0","0","30900","0"
"18","29178554","rs150127220","C","T","E G","p.Ser120Ser","p.Ser120Ser","c.360C>T","synonymous","","794","282174","19","2.81e-3","22","25872","0","0","10152","0","702","18936","18","0","25878","0","5","126564","0","4","36470","0","24","7402","1","37","30900","0"
"18","29178555",".","G","A","E","p.Gly121Ser","p.Gly121Ser","c.361G>A","missense","","10","251942","0","3.97e-5","0","17366","0","0","9860","0","3","17344","0","0","22366","0","0","112010","0","6","35710","0","0","6386","0","1","30900","0"
"18","29178561","rs371566010","C","G","G","p.Arg123Gly","p.Arg123Gly","c.367C>G","missense","","1","30250","0","3.31e-5","0","8514","0","0","292","0","0","1596","0","0","3518","0","1","14548","0","0","762","0","0","1020","0","0","0","0"
"18","29178561","rs371566010","C","T","E","p.Arg123Cys","p.Arg123Cys","c.367C>T","missense","","3","252304","0","1.19e-5","0","17368","0","0","9866","0","0","17348","0","0","22536","0","3","112180","0","0","35712","0","0","6394","0","0","30900","0"
"18","29178562","rs148538950","G","A","E G","p.Arg123His","p.Arg123His","c.368G>A","missense","","21","282536","0","7.43e-5","16","25876","0","0","10154","0","0","18944","0","0","26046","0","2","126728","0","3","36474","0","0","7414","0","0","30900","0"
"18","29178564","rs745834030","C","T","E G","p.Arg124Cys","p.Arg124Cys","c.370C>T","missense","","15","282558","1","5.31e-5","0","25878","0","0","10156","0","8","18944","0","1","26060","0","4","126734","1","1","36474","0","1","7412","0","0","30900","0"
"18","29178565","rs121918095","G","A","E G","p.Arg124His","p.Arg124His","c.371G>A","missense","","206","282516","3","7.29e-4","0","25874","0","0","10156","0","198","18944","3","0","26050","0","3","126708","0","1","36474","0","1","7410","0","3","30900","0"
"18","29178566",".","C","G","E","p.Arg124Arg","p.Arg124Arg","c.372C>G","synonymous","","66","252340","0","2.62e-4","0","17370","0","0","9864","0","0","17348","0","0","22552","0","0","112198","0","0","35712","0","0","6396","0","66","30900","0"
"18","29178569",".","C","A","E","p.Tyr125Ter","p.Tyr125Ter","c.375C>A","stop gained","","1","252346","0","3.96e-6","0","17370","0","0","9864","0","0","17348","0","0","22556","0","0","112200","0","1","35712","0","0","6396","0","0","30900","0"
"18","29178569","rs749079577","C","T","E G","p.Tyr125Tyr","p.Tyr125Tyr","c.375C>T","synonymous","","9","282596","0","3.18e-5","0","25878","0","0","10156","0","0","18944","0","0","26074","0","1","126756","0","8","36474","0","0","7414","0","0","30900","0"
"18","29178571",".","C","A","G","p.Thr126Asn","p.Thr126Asn","c.377C>A","missense","","1","30258","0","3.3e-5","1","8510","0","0","292","0","0","1596","0","0","3518","0","0","14560","0","0","762","0","0","1020","0","0","0","0"
"18","29178574",".","T","C","E","p.Ile127Thr","p.Ile127Thr","c.380T>C","missense","","1","252368","0","3.96e-6","0","17370","0","0","9866","0","0","17348","0","0","22556","0","1","112220","0","0","35712","0","0","6396","0","0","30900","0"
"18","29178577",".","C","T","G","p.Ala128Val","p.Ala128Val","c.383C>T","missense","","1","30256","0","3.31e-5","0","8508","0","0","292","0","0","1594","0","0","3516","0","0","14564","0","1","762","0","0","1020","0","0","0","0"
"18","29178578","rs143906738","C","T","E G","p.Ala128Ala","p.Ala128Ala","c.384C>T","synonymous","","29","282604","0","1.03e-4","1","25872","0","0","10158","0","0","18944","0","0","26074","0","24","126768","0","1","36474","0","2","7414","0","1","30900","0"
"18","29178579","rs267607159","G","A","E G","p.Ala129Thr","p.Ala129Thr","c.385G>A","missense","","16","282608","0","5.66e-5","1","25874","0","0","10156","0","0","18944","0","0","26070","0","6","126776","0","8","36474","0","0","7414","0","1","30900","0"
"18","29178580","rs121918092","C","T","E G","p.Ala129Val","p.Ala129Val","c.386C>T","missense","","5","282622","0","1.77e-5","0","25870","0","0","10158","0","0","18944","0","0","26074","0","3","126786","0","1","36474","0","1","7416","0","0","30900","0"
"18","29178581",".","C","A","E","p.Ala129Ala","p.Ala129Ala","c.387C>A","synonymous","","1","252378","0","3.96e-6","0","17370","0","0","9866","0","0","17348","0","0","22562","0","0","112226","0","1","35712","0","0","6394","0","0","30900","0"
"18","29178584",".","G","C","E","p.Leu130Leu","p.Leu130Leu","c.390G>C","synonymous","","1","252360","0","3.96e-6","0","17370","0","0","9866","0","0","17348","0","0","22548","0","1","112222","0","0","35712","0","0","6396","0","0","30898","0"
"18","29178599",".","C","G","E","p.Ser135Ser","p.Ser135Ser","c.405C>G","synonymous","","6","252398","0","2.38e-5","0","17370","0","0","9868","0","0","17348","0","0","22568","0","3","112236","0","3","35712","0","0","6396","0","0","30900","0"
"18","29178600",".","T","C","E","p.Tyr136His","p.Tyr136His","c.406T>C","missense","","8","252396","0","3.17e-5","0","17370","0","0","9868","0","0","17348","0","0","22564","0","0","112238","0","7","35712","0","1","6396","0","0","30900","0"
"18","29178605","rs759874627","C","T","E G","p.Ser137Ser","p.Ser137Ser","c.411C>T","synonymous","","4","282634","0","1.42e-5","4","25878","0","0","10160","0","0","18940","0","0","26084","0","0","126782","0","0","36474","0","0","7416","0","0","30900","0"
"18","29178607",".","C","T","E","p.Thr138Ile","p.Thr138Ile","c.413C>T","missense","","1","252384","0","3.96e-6","0","17370","0","1","9868","0","0","17346","0","0","22566","0","0","112226","0","0","35712","0","0","6396","0","0","30900","0"
"18","29178610","rs28933981","C","T","E G","p.Thr139Met","p.Thr139Met","c.416C>T","missense","","411","282620","0","1.45e-3","13","25872","0","0","10160","0","0","18940","0","9","26080","0","348","126780","0","35","36474","0","5","7414","0","1","30900","0"
"18","29178611","rs2276382","G","A","E G","p.Thr139Thr","p.Thr139Thr","c.417G>A","synonymous","","901","282604","4","3.19e-3","4","25874","0","0","10158","0","395","18936","4","16","26078","0","16","126770","0","412","36474","0","11","7414","0","47","30900","0"
"18","29178612",".","G","T","E","p.Ala140Ser","p.Ala140Ser","c.418G>T","missense","","1","252348","0","3.96e-6","1","17370","0","0","9868","0","0","17344","0","0","22552","0","0","112208","0","0","35712","0","0","6394","0","0","30900","0"
"18","29178617",".","C","T","E","p.Val141Val","p.Val141Val","c.423C>T","synonymous","","1","252370","0","3.96e-6","0","17370","0","0","9868","0","0","17344","0","0","22556","0","0","112224","0","0","35712","0","0","6396","0","1","30900","0"
"18","29178618","rs76992529","G","A","E G","p.Val142Ile","p.Val142Ile","c.424G>A","missense","","443","282580","3","1.57e-3","409","25878","3","0","10160","0","0","18934","0","0","26064","0","5","126758","0","27","36472","0","0","7414","0","2","30900","0"
"18","29178625","rs144965179","A","G","E","p.Asn144Ser","p.Asn144Ser","c.431A>G","missense","","2","252368","0","7.92e-6","2","17370","0","0","9868","0","0","17342","0","0","22560","0","0","112222","0","0","35710","0","0","6396","0","0","30900","0"
"18","29178629",".","C","T","E","p.Pro145Pro","p.Pro145Pro","c.435C>T","synonymous","","1","252340","0","3.96e-6","0","17370","0","0","9868","0","0","17342","0","0","22560","0","0","112192","0","0","35712","0","0","6396","0","1","30900","0"
"18","29178631","rs536294863","A","G","E G","p.Lys146Arg","p.Lys146Arg","c.437A>G","missense","","100","282578","0","3.54e-4","0","25874","0","0","10160","0","0","18924","0","0","26072","0","0","126768","0","99","36472","0","1","7412","0","0","30896","0"
"18","29178633",".","G","T","E","p.Glu147Ter","p.Glu147Ter","c.439G>T","stop gained","LC LoF","6","252322","0","2.38e-5","0","17370","0","0","9868","0","0","17330","0","0","22554","0","0","112200","0","0","35710","0","0","6394","0","6","30896","0"
"18","29178635","rs370056601","A","G","E","p.Glu147Glu","p.Glu147Glu","c.441A>G","synonymous","","6","252346","0","2.38e-5","1","17370","0","0","9868","0","0","17332","0","0","22560","0","0","112210","0","5","35710","0","0","6396","0","0","30900","0"
"18","29178635","rs370056601","A","T","E","p.Glu147Asp","p.Glu147Asp","c.441A>T","missense","","2","252346","0","7.93e-6","0","17370","0","0","9868","0","0","17332","0","0","22560","0","0","112210","0","0","35710","0","0","6396","0","2","30900","0"
"18","29178640","rs143948820","GGACTTCTCC","G","E G","","","c.*3_*11delGACTTCTCC","3' UTR","","561","282570","7","1.99e-3","1","25882","0","0","10160","0","512","18938","7","0","26062","0","0","126748","0","4","36470","0","7","7410","0","37","30900","0"
"18","29178651",".","C","T","E","","","c.*13C>T","3' UTR","","1","252308","0","3.96e-6","0","17370","0","0","9868","0","0","17338","0","0","22540","0","0","112192","0","0","35708","0","1","6392","0","0","30900","0"
"18","29178659","rs12226","C","A","E G","","","c.*21C>A","3' UTR","","2036","282490","70","7.21e-3","1906","25870","69","0","10158","0","0","18928","0","0","26020","0","13","126742","1","99","36462","0","15","7412","0","3","30898","0"
"18","29178668","rs747775821","C","T","E G","","","c.*30C>T","3' UTR","","19","282242","0","6.73e-5","2","25860","0","0","10156","0","15","18916","0","0","25940","0","1","126628","0","1","36454","0","0","7406","0","0","30882","0"
"18","29178669",".","G","A","E","","","c.*31G>A","3' UTR","","2","251876","0","7.94e-6","0","17358","0","0","9862","0","0","17312","0","0","22390","0","1","112020","0","0","35682","0","0","6374","0","1","30878","0"
"18","29178670",".","A","G","E","","","c.*32A>G","3' UTR","","1","251980","0","3.97e-6","0","17354","0","0","9862","0","0","17312","0","0","22430","0","1","112074","0","0","35686","0","0","6378","0","0","30884","0"
"18","29178672",".","G","A","G","","","c.*34G>A","3' UTR","","1","30256","0","3.31e-5","1","8508","0","0","292","0","0","1596","0","0","3518","0","0","14560","0","0","762","0","0","1020","0","0","0","0"
"18","29178678","rs189110724","G","T","E","","","c.*40G>T","3' UTR","","7","251306","0","2.79e-5","0","17312","0","0","9842","0","0","17276","0","0","22244","0","0","111770","0","7","35656","0","0","6358","0","0","30848","0"
"18","29178684",".","A","G","E","","","c.*46A>G","3' UTR","","2","250492","0","7.98e-6","0","17278","0","0","9820","0","0","17224","0","0","22142","0","2","111316","0","0","35610","0","0","6336","0","0","30766","0"
"18","29178685",".","T","A","E","","","c.*47T>A","3' UTR","","1","250294","0","4e-6","0","17262","0","0","9812","0","0","17208","0","0","22094","0","1","111214","0","0","35616","0","0","6328","0","0","30760","0"
"18","29178685","rs770412921","T","C","E G","","","c.*47T>C","3' UTR","","9","280558","0","3.21e-5","0","25770","0","0","10104","0","0","18804","0","0","25612","0","8","125782","0","1","36378","0","0","7348","0","0","30760","0"
"18","29178686",".","G","C","E","","","c.*48G>C","3' UTR","","1","249102","0","4.01e-6","0","17164","0","0","9780","0","0","17110","0","0","21948","0","1","110548","0","0","35554","0","0","6300","0","0","30698","0"
"18","29178694",".","G","C","G","","","c.*56G>C","3' UTR","","1","30260","0","3.3e-5","0","8506","0","0","292","0","0","1596","0","0","3518","0","1","14566","0","0","762","0","0","1020","0","0","0","0"
"18","29178696",".","G","A","G","","","c.*58G>A","3' UTR","","2","30262","0","6.61e-5","2","8510","0","0","292","0","0","1596","0","0","3518","0","0","14564","0","0","762","0","0","1020","0","0","0","0"
"18","29178754","rs11541783","C","A","G","","","c.*116C>A","3' UTR","","1","30260","0","3.3e-5","1","8514","0","0","292","0","0","1596","0","0","3516","0","0","14560","0","0","762","0","0","1020","0","0","0","0"
"18","29178775",".","G","A","G","","","c.*137G>A","3' UTR","","2","30260","0","6.61e-5","0","8512","0","0","292","0","2","1596","0","0","3514","0","0","14566","0","0","762","0","0","1018","0","0","0","0"
"18","29178776",".","T","C","G","","","c.*138T>C","3' UTR","","1","30264","0","3.3e-5","0","8512","0","0","292","0","0","1596","0","0","3516","0","0","14566","0","1","762","0","0","1020","0","0","0","0"
"18","29178781","rs545271394","G","C","G","","","c.*143G>C","3' UTR","","2","30262","0","6.61e-5","0","8514","0","0","292","0","0","1594","0","0","3518","0","0","14562","0","1","762","0","1","1020","0","0","0","0"
"18","29178807",".","A","T","G","","","c.*169A>T","3' UTR","","1","30252","0","3.31e-5","1","8510","0","0","292","0","0","1596","0","0","3518","0","0","14554","0","0","762","0","0","1020","0","0","0","0"
"18","29178813",".","TAA","T","G","","","c.*177_*178delAA","3' UTR","","1","30264","0","3.3e-5","1","8512","0","0","292","0","0","1596","0","0","3516","0","0","14566","0","0","762","0","0","1020","0","0","0","0"
"18","29178815",".","A","ATTTTTTTTTTTT","G","","","c.*177_*178insTTTTTTTTTTTT","3' UTR","","1","30250","0","3.31e-5","1","8508","0","0","292","0","0","1596","0","0","3514","0","0","14558","0","0","762","0","0","1020","0","0","0","0"
"18","29178820","rs371935476","C","T","G","","","c.*182C>T","3' UTR","","4","30202","0","1.32e-4","0","8492","0","0","292","0","3","1592","0","0","3508","0","0","14538","0","1","762","0","0","1018","0","0","0","0"
"18","29178824",".","A","G","G","","","c.*186A>G","3' UTR","","1","30236","0","3.31e-5","1","8506","0","0","292","0","0","1596","0","0","3516","0","0","14544","0","0","762","0","0","1020","0","0","0","0"
"18","29178829","rs556327750","C","T","G","","","c.*191C>T","3' UTR","","9","29884","0","3.01e-4","0","8436","0","0","290","0","0","1592","0","0","3398","0","5","14404","0","0","760","0","4","1004","0","0","0","0"
"18","29178846",".","G","C","G","","","c.*208G>C","3' UTR","","1","30224","0","3.31e-5","0","8500","0","0","292","0","0","1596","0","0","3512","0","1","14544","0","0","762","0","0","1018","0","0","0","0"
"18","29178872","rs542619281","G","C","G","","","c.*234G>C","3' UTR","","2","30240","0","6.61e-5","0","8502","0","2","292","0","0","1596","0","0","3516","0","0","14556","0","0","762","0","0","1016","0","0","0","0"
"18","29178887","rs146228604","A","G","G","","","c.*249A>G","3' UTR","","1","30248","0","3.31e-5","0","8504","0","0","290","0","0","1596","0","0","3518","0","1","14558","0","0","762","0","0","1020","0","0","0","0"
"18","29178899","rs62093482","C","T","G","","","c.*261C>T","3' UTR","","553","30242","9","1.83e-2","38","8506","1","8","292","0","1","1592","0","64","3514","2","417","14560","6","6","758","0","19","1020","0","0","0","0"
"18","29178900",".","G","T","G","","","c.*262G>T","3' UTR","","2","30242","0","6.61e-5","0","8498","0","0","292","0","2","1594","0","0","3514","0","0","14566","0","0","760","0","0","1018","0","0","0","0"
"18","29178901",".","C","T","G","","","c.*263C>T","3' UTR","","2","30244","0","6.61e-5","2","8500","0","0","292","0","0","1592","0","0","3514","0","0","14566","0","0","760","0","0","1020","0","0","0","0"
"18","29178909","rs571338379","G","C","G","","","c.*271G>C","3' UTR","","1","30240","0","3.31e-5","1","8494","0","0","292","0","0","1596","0","0","3514","0","0","14562","0","0","762","0","0","1020","0","0","0","0"
"18","29178916",".","A","G","G","","","c.*278A>G","3' UTR","","2","30248","0","6.61e-5","0","8504","0","0","292","0","0","1596","0","0","3514","0","2","14560","0","0","762","0","0","1020","0","0","0","0"
"18","29178923",".","T","C","G","","","c.*285T>C","3' UTR","","1","30254","0","3.31e-5","0","8504","0","0","292","0","0","1596","0","0","3514","0","0","14566","0","1","762","0","0","1020","0","0","0","0"
"18","29178942","rs541989755","C","T","G","","","c.*304C>T","3' UTR","","3","30240","0","9.92e-5","3","8500","0","0","292","0","0","1592","0","0","3514","0","0","14560","0","0","762","0","0","1020","0","0","0","0"
"18","29178943","rs184588853","G","A","G","","","c.*305G>A","3' UTR","","5","30262","0","1.65e-4","4","8512","0","0","292","0","1","1596","0","0","3518","0","0","14566","0","0","762","0","0","1016","0","0","0","0"