"Chrom","Position","RSID","Reference","Alternate","Data","Consequence","Protein Consequence","Transcript Consequence","Annotation","Flags","Allele Count","Allele Number","Number of Homozygotes","Number of Hemizygotes","Allele Frequency","Allele Count African","Allele Number African","Homozygote Count African","Allele Count Ashkenazi Jewish","Allele Number Ashkenazi Jewish","Homozygote Count Ashkenazi Jewish","Allele Count East Asian","Allele Number East Asian","Homozygote Count East Asian","Allele Count European (Finnish)","Allele Number European (Finnish)","Homozygote Count European (Finnish)","Allele Count European (Non-Finnish)","Allele Number European (Non-Finnish)","Homozygote Count European (Non-Finnish)","Allele Count Latino","Allele Number Latino","Homozygote Count Latino","Allele Count Other","Allele Number Other","Homozygote Count Other","Allele Count South Asian","Allele Number South Asian","Homozygote Count South Asian"
"X","38211738",".","C","T","G","","","","upstream gene","","1","21051","0","1","4.75e-5","1","5691","0","0","178","0","0","1014","0","0","2661","0","0","10205","0","0","557","0","0","745","0","0","0","0"
"X","38211746",".","C","T","G","","","","upstream gene","","1","21045","0","0","4.75e-5","1","5688","0","0","176","0","0","1012","0","0","2660","0","0","10207","0","0","558","0","0","744","0","0","0","0"
"X","38211765",".","G","T","G","","","","upstream gene","","2","20999","0","1","9.52e-5","0","5673","0","0","180","0","0","1004","0","0","2651","0","2","10196","0","0","555","0","0","740","0","0","0","0"
"X","38211774",".","C","G","G","","","","upstream gene","","1","21005","0","1","4.76e-5","1","5686","0","0","182","0","0","995","0","0","2659","0","0","10183","0","0","557","0","0","743","0","0","0","0"
"X","38211775",".","C","G","G","","","","upstream gene","","1","20991","0","0","4.76e-5","1","5674","0","0","182","0","0","999","0","0","2654","0","0","10182","0","0","559","0","0","741","0","0","0","0"
"X","38211801","rs190186723","G","A","G","","","c.-149T>A","5' UTR","","1","21054","0","0","4.75e-5","1","5698","0","0","179","0","0","1014","0","0","2648","0","0","10211","0","0","558","0","0","746","0","0","0","0"
"X","38211839",".","G","A","G","","","c.-111C>A","5' UTR","","1","21074","0","1","4.75e-5","0","5711","0","0","184","0","0","1005","0","0","2663","0","1","10212","0","0","556","0","0","743","0","0","0","0"
"X","38211880",".","G","A","G","","","c.-70G>A","5' UTR","","1","21062","0","1","4.75e-5","0","5702","0","0","179","0","0","1012","0","0","2657","0","1","10219","0","0","557","0","0","736","0","0","0","0"
"X","38211902","rs182454762","G","T","E G","","","","5' UTR","","324","200850","1","101","1.61e-3","0","19563","0","0","7432","0","10","13746","0","245","18844","1","46","88444","0","0","28657","0","23","5398","0","0","18766","0"
"X","38211917","rs765809365","G","T","E G","","","","5' UTR","","7","202998","0","2","3.45e-5","0","19622","0","0","7463","0","7","13885","0","0","19061","0","0","89752","0","0","28778","0","0","5428","0","0","19009","0"
"X","38211919","rs773906773","A","G","E G","","","c.-31C>G","5' UTR","","1","21189","0","0","4.72e-5","1","5734","0","0","186","0","0","1023","0","0","2666","0","0","10271","0","0","565","0","0","744","0","0","0","0"
"X","38211921",".","A","G","E","","","c.-29A>G","5' UTR","","1","182492","0","0","5.48e-6","0","13948","0","0","7285","0","0","12908","0","0","16477","0","1","79864","0","0","28241","0","0","4697","0","0","19072","0"
"X","38211925",".","T","C","E","","","c.-25A>C","5' UTR","","1","182751","0","0","5.47e-6","0","13964","0","0","7290","0","0","12923","0","0","16486","0","0","80019","0","1","28255","0","0","4715","0","0","19099","0"
"X","38211926",".","C","T","E G","","","","5' UTR","","1","182718","0","0","5.47e-6","0","13962","0","0","7288","0","0","12920","0","0","16470","0","0","80005","0","1","28255","0","0","4710","0","0","19108","0"
"X","38211927",".","G","A","E","","","c.-23T>A","5' UTR","","1","182819","0","0","5.47e-6","0","13965","0","0","7291","0","0","12931","0","1","16473","0","0","80068","0","0","28263","0","0","4713","0","0","19115","0"
"X","38211936",".","A","G","E","","","c.-14C>G","5' UTR","","2","183324","0","1","1.09e-5","0","13991","0","0","7301","0","0","12937","0","0","16539","0","0","80358","0","0","28280","0","0","4733","0","2","19185","0"
"X","38211942",".","A","G","E","","","c.-8C>G","5' UTR","","1","183461","0","0","5.45e-6","0","14000","0","0","7303","0","0","12949","0","0","16572","0","1","80415","0","0","28287","0","0","4734","0","0","19201","0"
"X","38211946",".","G","A","E","","","c.-4C>A","5' UTR","","2","183490","0","0","1.09e-5","0","14001","0","0","7304","0","0","12949","0","0","16570","0","2","80435","0","0","28291","0","0","4734","0","0","19206","0"
"X","38211953",".","C","G","E","p.Leu2Val","p.Leu2Val","c.4T>G","missense","","2","183509","0","0","1.09e-5","2","14005","0","0","7303","0","0","12953","0","0","16573","0","0","80436","0","0","28295","0","0","4734","0","0","19210","0"
"X","38211959",".","A","G","E","p.Asn4Asp","p.Asn4Asp","c.10T>G","missense","","1","183565","0","1","5.45e-6","0","14009","0","0","7305","0","0","12953","0","0","16587","0","1","80465","0","0","28293","0","0","4736","0","0","19217","0"
"X","38211968",".","A","G","E","p.Ile7Val","p.Ile7Val","c.19T>G","missense","","1","183559","0","1","5.45e-6","0","14009","0","0","7307","0","0","12954","0","0","16598","0","1","80442","0","0","28295","0","0","4737","0","0","19217","0"
"X","38211974",".","T","G","G","p.Leu9Val","p.Leu9Val","","missense","","1","21301","0","0","4.69e-5","0","5783","0","0","184","0","1","1027","0","0","2672","0","0","10334","0","0","558","0","0","743","0","0","0","0"
"X","38212010",".","A","C","E","p.Met21Leu","p.Met21Leu","c.61A>C","missense","","1","183301","0","1","5.46e-6","0","14009","0","0","7307","0","1","12955","0","0","16607","0","0","80173","0","0","28294","0","0","4737","0","0","19219","0"
"X","38212010",".","A","G","E","p.Met21Val","p.Met21Val","c.61A>G","missense","","2","183301","0","1","1.09e-5","0","14009","0","0","7307","0","0","12955","0","0","16607","0","0","80173","0","0","28294","0","0","4737","0","2","19219","0"
"X","38212011",".","T","C","E","p.Met21Thr","p.Met21Thr","c.62G>C","missense","","2","183306","0","0","1.09e-5","0","14009","0","0","7303","0","0","12955","0","0","16608","0","0","80179","0","2","28294","0","0","4737","0","0","19221","0"
"X","38212013",".","G","A","E","p.Val22Ile","p.Val22Ile","c.64G>A","missense","","1","183282","0","0","5.46e-6","0","14009","0","0","7305","0","0","12955","0","0","16605","0","1","80159","0","0","28294","0","0","4737","0","0","19218","0"
"X","38212015",".","T","C","E","p.Val22Val","p.Val22Val","c.66A>C","synonymous","","2","183252","0","0","1.09e-5","0","14009","0","0","7304","0","2","12955","0","0","16609","0","0","80124","0","0","28295","0","0","4737","0","0","19219","0"
"X","38212017","rs148660170","G","A","E","p.Arg23Gln","p.Arg23Gln","c.68T>A","missense","","1","183215","0","1","5.46e-6","0","14008","0","0","7305","0","0","12955","0","0","16601","0","1","80099","0","0","28294","0","0","4737","0","0","19216","0"
"X","38212025",".","C","T","E G","p.Arg26Trp","p.Arg26Trp","","missense","","2","204325","0","1","9.79e-6","0","19762","0","0","7486","0","0","13965","0","0","19266","0","1","90297","0","0","28852","0","1","5482","0","0","19215","0"
"X","38212026","rs68031618","G","A","E","p.Arg26Gln","p.Arg26Gln","c.77T>A","missense","","1","183063","0","0","5.46e-6","0","14007","0","0","7304","0","0","12952","0","0","16594","0","1","79968","0","0","28294","0","0","4731","0","0","19213","0"
"X","38212033",".","G","A","E","c.77+7G>A","","c.77+7G>A","splice region","","1","182928","0","0","5.47e-6","0","14005","0","0","7301","0","0","12950","0","0","16593","0","0","79850","0","1","28290","0","0","4733","0","0","19206","0"
"X","38212037",".","G","A","E","","","c.77+11T>A","intron","","1","182865","0","0","5.47e-6","0","14002","0","0","7299","0","0","12945","0","0","16593","0","1","79811","0","0","28285","0","0","4731","0","0","19199","0"
"X","38212043",".","G","A","E","","","c.77+17G>A","intron","","1","182698","0","0","5.47e-6","0","14000","0","0","7297","0","0","12945","0","0","16584","0","1","79667","0","0","28286","0","0","4727","0","0","19192","0"
"X","38212050",".","G","C","E","","","c.77+24T>C","intron","","1","182366","0","0","5.48e-6","1","14000","0","0","7293","0","0","12936","0","0","16565","0","0","79407","0","0","28271","0","0","4720","0","0","19174","0"
"X","38212060","rs367761512","G","A","E G","","","c.77+34C>A","intron","","39","203017","0","13","1.92e-4","0","19732","0","0","7471","0","0","13933","0","33","19191","0","3","89303","0","0","28822","0","2","5450","0","1","19115","0"
"X","38212068",".","G","A","E","","","c.77+42C>A","intron","","1","180572","0","0","5.54e-6","0","13921","0","0","7269","0","0","12865","0","0","16442","0","0","78195","0","0","28208","0","0","4679","0","1","18993","0"
"X","38212073",".","T","G","E","","","c.77+47T>G","intron","","1","179761","0","1","5.56e-6","0","13885","0","0","7257","0","0","12826","0","0","16389","0","0","77681","0","1","28172","0","0","4666","0","0","18885","0"
"X","38226478",".","G","A","G","","","c.78-66T>A","intron","","1","19985","0","0","5e-5","1","5501","0","0","183","0","0","1009","0","0","2257","0","0","9864","0","0","481","0","0","690","0","0","0","0"
"X","38226496",".","G","A","E","","","c.78-48C>A","intron","","1","165450","0","0","6.04e-6","0","13187","0","0","7010","0","0","11781","0","0","15770","0","1","69487","0","0","26637","0","0","4393","0","0","17185","0"
"X","38226499",".","C","A","E","","","c.78-45C>A","intron","","1","167508","0","0","5.97e-6","0","13322","0","0","7044","0","0","11920","0","0","15866","0","1","70677","0","0","26894","0","0","4422","0","0","17363","0"
"X","38226512",".","C","A","E","","","c.78-32T>A","intron","","3","174219","0","1","1.72e-5","0","13627","0","0","7169","0","0","12392","0","0","16196","0","1","74627","0","0","27541","0","0","4550","0","2","18117","0"
"X","38226513",".","A","G","E","","","c.78-31A>G","intron","","1","174958","0","0","5.72e-6","0","13655","0","0","7175","0","0","12437","0","0","16233","0","0","75047","0","0","27625","0","1","4568","0","0","18218","0"
"X","38226513",".","A","T","E","","","c.78-31A>T","intron","","1","174958","0","1","5.72e-6","0","13655","0","0","7175","0","0","12437","0","0","16233","0","1","75047","0","0","27625","0","0","4568","0","0","18218","0"
"X","38226541",".","C","T","E","c.78-3G>T","","c.78-3G>T","splice region","","1","181666","0","0","5.5e-6","0","13913","0","0","7271","0","1","12839","0","0","16554","0","0","79279","0","0","28159","0","0","4704","0","0","18947","0"
"X","38226544","rs141273695","G","A","E G","","","","splice region","","2","182147","0","0","1.1e-5","2","13934","0","0","7279","0","0","12863","0","0","16573","0","0","79569","0","0","28196","0","0","4712","0","0","19021","0"
"X","38226549","rs199858968","G","A","E G","p.Gly28Glu","p.Gly28Glu","c.83T>A","missense","","11","182471","0","2","6.03e-5","0","13950","0","0","7285","0","0","12872","0","0","16591","0","11","79783","0","0","28218","0","0","4717","0","0","19055","0"
"X","38226551","rs752916728","C","G","E G","p.Gln29Glu","p.Gln29Glu","c.85A>G","missense","","16","182599","0","5","8.76e-5","0","13962","0","0","7288","0","0","12889","0","0","16589","0","1","79885","0","14","28209","0","1","4716","0","0","19061","0"
"X","38226554",".","C","T","E","p.Pro30Ser","p.Pro30Ser","c.88A>T","missense","","1","182800","0","0","5.47e-6","0","13965","0","0","7288","0","1","12905","0","0","16597","0","0","79995","0","0","28225","0","0","4721","0","0","19104","0"
"X","38226555",".","C","A","E","p.Pro30Gln","p.Pro30Gln","","missense","","6","182799","0","0","3.28e-5","0","13965","0","0","7284","0","0","12901","0","0","16605","0","0","80008","0","6","28226","0","0","4723","0","0","19087","0"
"X","38226571",".","G","A","E","p.Val35Val","p.Val35Val","c.105T>A","synonymous","","1","183180","0","0","5.46e-6","0","13983","0","0","7293","0","0","12917","0","0","16625","0","0","80241","0","1","28262","0","0","4730","0","0","19129","0"
"X","38226572",".","C","G","E","p.Gln36Glu","p.Gln36Glu","c.106T>G","missense","","1","183202","0","0","5.46e-6","0","13982","0","0","7292","0","0","12909","0","0","16625","0","0","80272","0","1","28261","0","0","4736","0","0","19125","0"
"X","38226577",".","G","A","G","p.Leu37Leu","p.Leu37Leu","c.111T>A","synonymous","","1","20958","0","1","4.77e-5","0","5694","0","0","183","0","0","1025","0","0","2606","0","1","10165","0","0","550","0","0","735","0","0","0","0"
"X","38226580",".","G","C","E","p.Lys38Asn","p.Lys38Asn","c.114G>C","missense","","1","183474","0","1","5.45e-6","0","13995","0","0","7300","0","0","12933","0","0","16630","0","0","80417","0","1","28282","0","0","4736","0","0","19181","0"
"X","38226584","rs72554307","C","T","E G","p.Arg40Cys","p.Arg40Cys","c.118G>T","missense","","4","204310","0","1","1.96e-5","0","19659","0","0","7481","0","0","13943","0","0","19199","0","3","90554","0","1","28824","0","0","5463","0","0","19187","0"
"X","38226593","rs72554309","C","A","E G","p.Leu43Ile","p.Leu43Ile","","missense","","3","204485","0","2","1.47e-5","3","19691","0","0","7485","0","0","13960","0","0","19197","0","0","90653","0","0","28833","0","0","5469","0","0","19197","0"
"X","38226603","rs1800321","A","G","E G","p.Lys46Arg","p.Lys46Arg","c.137A>G","missense","","39448","203803","3297","13939","1.94e-1","7531","19540","1041","2248","7475","211","7","13962","0","3177","19155","172","21081","90213","1592","3285","28803","167","1156","5453","98","963","19202","16"
"X","38226606","rs67939655","A","C","E G","p.Asn47Thr","p.Asn47Thr","c.140T>C","missense","","32","204435","0","15","1.57e-4","0","19648","0","0","7478","0","0","13964","0","6","19193","0","25","90648","0","0","28840","0","1","5461","0","0","19203","0"
"X","38226613","rs144153859","C","G","E","p.Thr49Thr","p.Thr49Thr","c.147T>G","synonymous","","1","183610","0","0","5.45e-6","0","13992","0","0","7300","0","0","12949","0","0","16633","0","1","80507","0","0","28288","0","0","4736","0","0","19205","0"
"X","38226613","rs144153859","C","T","E G","p.Thr49Thr","p.Thr49Thr","c.147A>T","synonymous","","8","204291","0","3","3.92e-5","2","19610","0","0","7481","0","2","13954","0","0","19168","0","2","90587","0","2","28830","0","0","5456","0","0","19205","0"
"X","38226614","rs67486158","G","A","E","p.Gly50Arg","p.Gly50Arg","c.148T>A","missense","","9","183590","0","4","4.9e-5","0","13989","0","0","7300","0","3","12948","0","0","16629","0","5","80501","0","0","28292","0","0","4735","0","1","19196","0"
"X","38226615","rs201802621","G","A","E","p.Gly50Glu","p.Gly50Glu","c.149C>A","missense","","1","183629","0","0","5.45e-6","0","13993","0","0","7298","0","0","12951","0","0","16635","0","0","80520","0","0","28292","0","0","4736","0","1","19204","0"
"X","38226615","rs201802621","G","C","E G","p.Gly50Ala","p.Gly50Ala","c.149A>C","missense","","5","204410","0","2","2.45e-5","0","19655","0","0","7479","0","0","13962","0","0","19182","0","5","90629","0","0","28837","0","0","5462","0","0","19204","0"
"X","38226615","rs201802621","G","T","E","p.Gly50Val","p.Gly50Val","c.149C>T","missense","","2","183629","0","0","1.09e-5","0","13993","0","0","7298","0","0","12951","0","0","16635","0","2","80520","0","0","28292","0","0","4736","0","0","19204","0"
"X","38226635",".","C","G","E","p.Leu57Val","p.Leu57Val","c.169C>G","missense","","1","183648","0","0","5.45e-6","0","13988","0","0","7303","0","0","12954","0","0","16634","0","1","80548","0","0","28288","0","0","4738","0","0","19195","0"
"X","38226659",".","T","C","G","p.Phe65Leu","p.Phe65Leu","","missense","","1","20832","0","0","4.8e-5","1","5701","0","0","184","0","0","1014","0","0","2515","0","0","10146","0","0","544","0","0","728","0","0","0","0"
"X","38226662","rs369756595","A","C","E","p.Arg66Arg","p.Arg66Arg","c.196G>C","synonymous","","4","183478","0","1","2.18e-5","4","13984","0","0","7298","0","0","12948","0","0","16633","0","0","80488","0","0","28263","0","0","4732","0","0","19132","0"
"X","38226682",".","G","A","E","c.216G>A","p.Glu72Glu","c.216G>A","splice region","","1","183087","0","0","5.46e-6","1","13954","0","0","7286","0","0","12937","0","0","16632","0","0","80345","0","0","28208","0","0","4720","0","0","19005","0"
"X","38226691",".","C","T","E","","","c.216+9G>T","intron","","3","182762","0","2","1.64e-5","0","13924","0","0","7276","0","0","12932","0","0","16626","0","3","80229","0","0","28172","0","0","4711","0","0","18892","0"
"X","38226697",".","C","A","E","","","c.216+15C>A","intron","","1","182570","0","0","5.48e-6","0","13906","0","0","7268","0","0","12926","0","0","16618","0","1","80153","0","0","28154","0","0","4704","0","0","18841","0"
"X","38226704",".","C","T","E","","","c.216+22C>T","intron","","3","182097","0","2","1.65e-5","0","13855","0","0","7253","0","1","12923","0","0","16605","0","1","79903","0","0","28136","0","0","4692","0","1","18730","0"
"X","38226705","rs375148070","G","A","E","","","c.216+23T>A","intron","","12","182027","0","5","6.59e-5","0","13847","0","0","7250","0","4","12921","0","0","16607","0","7","79872","0","0","28125","0","1","4690","0","0","18715","0"
"X","38226709",".","C","T","E G","","","c.216+27C>T","intron","","2","201203","0","2","9.94e-6","0","19411","0","0","7363","0","0","13900","0","0","19051","0","0","89527","0","0","28397","0","1","5396","0","1","18158","0"
"X","38226722",".","C","A","E","","","c.216+40T>A","intron","","13","174373","0","6","7.46e-5","0","13173","0","0","6841","0","0","12626","0","0","16465","0","0","77353","0","1","26595","0","0","4498","0","12","16822","0"
"X","38226723",".","C","T","G","","","","intron","","1","20777","0","1","4.81e-5","0","5684","0","0","184","0","1","1015","0","0","2497","0","0","10137","0","0","540","0","0","720","0","0","0","0"
"X","38226726","rs369331778","T","C","E G","","","c.216+44G>C","intron","","21","192213","0","8","1.09e-4","15","18647","0","0","6842","0","0","13488","0","0","18834","0","5","86525","0","0","26313","0","1","5097","0","0","16467","0"
"X","38226729",".","T","A","E","","","c.216+47G>A","intron","","3","172306","0","1","1.74e-5","0","13027","0","0","6679","0","0","12532","0","0","16396","0","0","76681","0","2","26036","0","1","4409","0","0","16546","0"
"X","38226730",".","T","G","E","","","c.216+48A>G","intron","","1","172496","0","0","5.8e-6","0","13034","0","0","6685","0","0","12535","0","0","16398","0","0","76745","0","1","26106","0","0","4413","0","0","16580","0"
"X","38226731",".","T","A","E","","","c.216+49C>A","intron","","1","172463","0","0","5.8e-6","0","13044","0","0","6679","0","0","12538","0","0","16387","0","0","76735","0","1","26093","0","0","4408","0","0","16579","0"
"X","38229004",".","A","G","E","","","c.217-45A>G","intron","","1","110319","0","0","9.06e-6","0","7943","0","0","5250","0","0","6402","0","0","12555","0","1","45557","0","0","18801","0","0","2940","0","0","10871","0"
"X","38229005","rs200041805","T","C","E G","","","c.217-44A>C","intron","","1","20637","0","0","4.85e-5","0","5750","0","0","182","0","1","1050","0","0","2183","0","0","10292","0","0","475","0","0","705","0","0","0","0"
"X","38229009",".","TAA","T","E","","","c.217-39_217-38delCA","intron","","4","130673","0","0","3.06e-5","0","9665","0","0","5848","0","3","8323","0","0","13781","0","1","55177","0","0","22023","0","0","3483","0","0","12373","0"
"X","38229016",".","T","C","E","","","c.217-33G>C","intron","","1","155585","0","1","6.43e-6","0","11900","0","0","6366","0","0","10851","0","0","15351","0","1","67813","0","0","24708","0","0","4036","0","0","14560","0"
"X","38229034",".","G","A","E","","","c.217-15C>A","intron","","1","178898","0","0","5.59e-6","0","13788","0","0","7126","0","0","12562","0","0","16560","0","1","79222","0","0","27289","0","0","4616","0","0","17735","0"
"X","38229036",".","C","G","E","","","c.217-13T>G","intron","","1","179231","0","0","5.58e-6","0","13804","0","0","7145","0","0","12569","0","0","16569","0","1","79351","0","0","27363","0","0","4613","0","0","17817","0"
"X","38229036",".","C","T","G","","","","intron","","1","20760","0","0","4.82e-5","0","5730","0","0","179","0","1","1034","0","0","2337","0","0","10265","0","0","504","0","0","711","0","0","0","0"
"X","38229093","rs778247368","G","A","G","n.353G>Aâ€ ","","n.353G>A","splice region","","1","20995","0","0","4.76e-5","1","5746","0","0","181","0","0","1033","0","0","2509","0","0","10265","0","0","535","0","0","726","0","0","0","0"
"X","38229102",".","T","C","E","p.Ser90Ser","p.Ser90Ser","c.270A>C","synonymous","","1","183506","0","1","5.45e-6","0","14004","0","0","7307","0","0","12911","0","0","16632","0","1","80591","0","0","28234","0","0","4739","0","0","19088","0"
"X","38229104","rs372906667","C","T","E G","p.Thr91Ile","p.Thr91Ile","c.272C>T","missense","","5","204522","0","1","2.44e-5","0","19760","0","0","7486","0","0","13930","0","0","19172","0","5","90831","0","0","28775","0","0","5469","0","0","19099","0"
"X","38229115",".","T","C","E","p.Leu95Leu","p.Leu95Leu","c.283A>C","synonymous","","2","183491","0","1","1.09e-5","0","14004","0","0","7304","0","0","12917","0","1","16634","0","1","80586","0","0","28235","0","0","4737","0","0","19074","0"
"X","38229118","rs184053962","T","C","E","p.Ser96Pro","p.Ser96Pro","c.286T>C","missense","","1","183476","0","0","5.45e-6","1","14006","0","0","7301","0","0","12917","0","0","16631","0","0","80572","0","0","28239","0","0","4735","0","0","19075","0"
"X","38229128",".","C","T","E","p.Thr99Ile","p.Thr99Ile","","missense","","1","183416","0","1","5.45e-6","0","13999","0","0","7297","0","0","12909","0","0","16635","0","1","80546","0","0","28223","0","0","4737","0","0","19070","0"
"X","38229135","rs72554348","G","C","E G","c.298+5A>C","","c.298+5A>C","splice region","","309","204587","0","106","1.51e-3","0","19790","0","0","7478","0","303","13949","0","0","19222","0","0","90817","0","1","28774","0","4","5473","0","1","19084","0"
"X","38229139","rs376393166","A","C","E","","","c.298+9A>C","intron","","1","182960","0","1","5.47e-6","0","13978","0","0","7285","0","0","12884","0","0","16627","0","0","80438","0","0","28094","0","0","4723","0","1","18931","0"
"X","38229139","rs376393166","A","G","E","","","c.298+9A>G","intron","","2","182960","0","0","1.09e-5","0","13978","0","0","7285","0","0","12884","0","0","16627","0","2","80438","0","0","28094","0","0","4723","0","0","18931","0"
"X","38229148",".","T","A","E","","","c.298+18C>A","intron","","1","182910","0","0","5.47e-6","0","13985","0","0","7286","0","0","12890","0","0","16616","0","1","80425","0","0","28147","0","0","4721","0","0","18840","0"
"X","38229151",".","A","G","E","","","c.298+21T>G","intron","","3","182703","0","1","1.64e-5","0","13974","0","0","7277","0","0","12875","0","0","16614","0","3","80354","0","0","28102","0","0","4712","0","0","18795","0"
"X","38229154","rs370435522","C","G","E G","","","","intron","","4","203927","0","0","1.96e-5","2","19744","0","0","7466","0","0","13914","0","0","19214","0","2","90617","0","0","28665","0","0","5459","0","0","18848","0"
"X","38229169","rs765011253","G","A","E G","","","c.298+39T>A","intron","","2","180538","0","1","1.11e-5","2","13886","0","0","7219","0","0","12678","0","0","16585","0","0","79638","0","0","27621","0","0","4646","0","0","18265","0"
"X","38229170","rs188440490","G","A","E","","","c.298+40C>A","intron","","1","180435","0","0","5.54e-6","0","13870","0","0","7217","0","0","12668","0","0","16578","0","1","79626","0","0","27595","0","0","4642","0","0","18239","0"
"X","38229176",".","A","G","E","","","c.298+46T>G","intron","","1","179803","0","0","5.56e-6","0","13832","0","0","7188","0","0","12606","0","0","16569","0","0","79402","0","0","27519","0","0","4635","0","1","18052","0"
"X","38229190",".","G","A","G","","","c.298+60G>A","intron","","2","20989","0","1","9.53e-5","2","5701","0","0","183","0","0","1028","0","0","2586","0","0","10215","0","0","546","0","0","730","0","0","0","0"
"X","38229196","rs759369739","G","A","G","","","c.298+66C>A","intron","","16","20923","1","2","7.65e-4","16","5658","1","0","183","0","0","1028","0","0","2569","0","0","10206","0","0","548","0","0","731","0","0","0","0"
"X","38229198",".","A","G","G","","","c.298+68T>G","intron","","1","20983","0","0","4.77e-5","1","5686","0","0","183","0","0","1034","0","0","2580","0","0","10223","0","0","546","0","0","731","0","0","0","0"
"X","38240550",".","T","C","E","","","c.299-45T>C","intron","","1","134660","0","0","7.43e-6","0","11387","0","0","5257","0","1","10523","0","0","14038","0","0","55120","0","0","21792","0","0","3408","0","0","13135","0"
"X","38240555","rs143626513","G","GT","E G","","","c.299-39dupT","intron","","22756","148915","1860","6929","1.53e-1","390","11701","4","1730","6198","173","6","10721","0","2513","15279","135","14648","64707","1162","2085","22713","93","744","3807","67","640","13789","13"
"X","38240577","rs5917586","C","CT","E G","","","c.299-17_299-16insT","intron","","1227","102606","0","7","1.2e-2","150","7795","0","45","4348","0","122","6134","0","53","11539","0","374","49722","0","322","13099","0","31","2586","0","130","7383","0"
"X","38240577",".","C","CTT","E","","","c.299-16_299-15insTT","intron","","8","102606","0","0","7.8e-5","1","7795","0","0","4348","0","1","6134","0","1","11539","0","2","49722","0","2","13099","0","1","2586","0","0","7383","0"
"X","38240577",".","C","T","E","","","c.299-18C>T","intron","","7","102606","0","0","6.82e-5","1","7795","0","0","4348","0","0","6134","0","0","11539","0","6","49722","0","0","13099","0","0","2586","0","0","7383","0"
"X","38240577","rs5917586","CT","C","E G","","","c.299-17delA","intron","","4075","102606","3","246","3.97e-2","298","7795","0","226","4348","0","334","6134","0","241","11539","0","1661","49722","3","843","13099","0","112","2586","0","360","7383","0"
"X","38240577",".","CTT","C","E","","","c.299-17_299-16delAG","intron","","17","102606","0","0","1.66e-4","4","7795","0","1","4348","0","0","6134","0","0","11539","0","3","49722","0","8","13099","0","0","2586","0","1","7383","0"
"X","38240587","rs374145788","T","A","E G","","","","splice region","","27420","183787","1890","9196","1.49e-1","592","18218","7","1774","6473","171","5","12640","0","2968","18496","165","18286","83586","1370","2204","24086","92","894","4800","71","697","15488","14"
"X","38240587","rs374145788","T","G","G","c.299-8A>G","","c.299-8A>G","splice region","","1","20538","0","0","4.87e-5","0","5692","0","0","174","0","0","1032","0","0","2451","0","1","9929","0","0","535","0","0","725","0","0","0","0"
"X","38240587","rs73196229","T","TA","E","c.299-7dupA","","c.299-7dupA","splice region","","4","163249","0","2","2.45e-5","0","12526","0","0","6299","0","0","11608","0","0","16045","0","1","73657","0","0","23551","0","0","4075","0","3","15488","0"
"X","38240603",".","C","G","E","p.Leu103Val","p.Leu103Val","c.307C>G","missense","","1","180993","0","0","5.53e-6","0","13886","0","0","7203","0","0","12806","0","0","16559","0","1","79855","0","0","27895","0","0","4669","0","0","18120","0"
"X","38240605",".","T","C","E","n.354-8A>Câ€ ","","n.354-8A>C","splice region","","1","181930","0","0","5.5e-6","1","13931","0","0","7247","0","0","12856","0","0","16593","0","0","80095","0","0","28058","0","0","4694","0","0","18456","0"
"X","38240608",".","G","A","G","","","","splice region","","1","20636","0","0","4.85e-5","0","5670","0","0","181","0","0","1017","0","0","2457","0","0","10057","0","0","530","0","1","724","0","0","0","0"
"X","38240631",".","C","T","E","p.Thr112Ile","p.Thr112Ile","c.335G>T","missense","","3","183262","0","2","1.64e-5","0","13993","0","0","7290","0","0","12929","0","0","16608","0","3","80464","0","0","28242","0","0","4727","0","0","19009","0"
"X","38240634",".","C","T","E","p.Thr113Ile","p.Thr113Ile","","missense","","1","183409","0","0","5.45e-6","0","14000","0","0","7295","0","1","12936","0","0","16609","0","0","80506","0","0","28257","0","0","4725","0","0","19081","0"
"X","38240641",".","T","C","E","p.Asp115Asp","p.Asp115Asp","c.345G>C","synonymous","","2","183528","0","0","1.09e-5","0","14003","0","0","7302","0","0","12939","0","0","16612","0","2","80529","0","0","28281","0","0","4729","0","0","19133","0"
"X","38240652",".","G","T","E","p.Gly119Val","p.Gly119Val","c.356C>T","missense","","1","183538","0","1","5.45e-6","0","14001","0","0","7303","0","0","12945","0","0","16604","0","1","80519","0","0","28282","0","0","4728","0","0","19156","0"
"X","38240656","rs768780957","G","A","E G","p.Val120Val","p.Val120Val","c.360G>A","synonymous","","6","204452","0","1","2.93e-5","2","19742","0","0","7491","0","0","13968","0","0","19151","0","4","90667","0","0","28823","0","0","5458","0","0","19152","0"
"X","38240664",".","G","A","E","p.Ser123Asn","p.Ser123Asn","c.368C>A","missense","","2","183351","0","1","1.09e-5","0","13990","0","0","7302","0","0","12938","0","0","16597","0","0","80399","0","0","28277","0","0","4728","0","2","19120","0"
"X","38240668","rs201070935","C","T","E","p.Leu124Leu","p.Leu124Leu","c.372A>T","synonymous","","7","183139","0","3","3.82e-5","0","13976","0","0","7296","0","0","12931","0","1","16587","0","6","80281","0","0","28268","0","0","4722","0","0","19078","0"
"X","38240670","rs72554356","C","T","E","p.Thr125Met","p.Thr125Met","c.374G>T","missense","","3","183001","0","2","1.64e-5","1","13976","0","0","7296","0","1","12922","0","0","16571","0","0","80203","0","1","28264","0","0","4719","0","0","19050","0"
"X","38240671","rs371075231","G","A","E","p.Thr125Thr","p.Thr125Thr","c.375T>A","synonymous","","9","183005","0","2","4.92e-5","4","13976","0","0","7293","0","0","12917","0","2","16577","0","1","80207","0","1","28258","0","0","4723","0","1","19054","0"
"X","38240676",".","C","T","E","p.Thr127Met","p.Thr127Met","","missense","","6","182636","0","4","3.29e-5","1","13958","0","0","7293","0","1","12908","0","0","16567","0","0","79984","0","4","28241","0","0","4714","0","0","18971","0"
"X","38240681","rs140046498","C","T","E G","p.Arg129Cys","p.Arg129Cys","","missense","","10","202840","0","1","4.93e-5","4","19609","0","0","7462","0","0","13889","0","0","19069","0","5","89762","0","0","28756","0","0","5423","0","1","18870","0"
"X","38240694",".","T","G","E","","","c.386+12T>G","intron","","1","180407","0","1","5.54e-6","0","13852","0","0","7256","0","0","12818","0","0","16485","0","0","78590","0","0","28138","0","0","4670","0","1","18598","0"
"X","38240714",".","A","T","E","","","c.386+32C>T","intron","","6","175191","0","2","3.42e-5","6","13594","0","0","7167","0","0","12509","0","0","16266","0","0","75528","0","0","27706","0","0","4590","0","0","17831","0"
"X","38240721",".","A","G","E","","","c.386+39C>G","intron","","15","170801","0","3","8.78e-5","0","13341","0","12","7092","0","0","12221","0","0","16042","0","2","72964","0","0","27344","0","1","4498","0","0","17299","0"
"X","38240724","rs184980566","C","A","E G","","","","intron","","42","190320","0","9","2.21e-4","0","19004","0","0","7248","0","42","13155","0","0","18559","0","0","82209","0","0","27763","0","0","5205","0","0","17177","0"
"X","38240727",".","A","T","E","","","c.386+45A>T","intron","","1","166557","0","0","6e-6","0","13052","0","0","7017","0","0","11932","0","0","15811","0","1","70430","0","0","26963","0","0","4416","0","0","16936","0"
"X","38240731",".","A","T","E","","","c.386+49A>T","intron","","1","161981","0","0","6.17e-6","0","12719","0","0","6953","0","1","11590","0","0","15574","0","0","67772","0","0","26533","0","0","4317","0","0","16523","0"
"X","38240736","rs375817043","T","C","G","","","","intron","","15","20969","0","5","7.15e-4","2","5706","0","0","184","0","0","1033","0","0","2565","0","11","10214","0","1","545","0","1","722","0","0","0","0"
"X","38240738",".","T","C","G","","","","intron","","1","20954","0","0","4.77e-5","0","5702","0","0","185","0","1","1032","0","0","2569","0","0","10203","0","0","540","0","0","723","0","0","0","0"
"X","38260460",".","ATCT","A","G","","","c.387-67_387-65delTAT","intron","","1","21287","0","1","4.7e-5","0","5805","0","0","186","0","0","1041","0","0","2620","0","1","10350","0","0","539","0","0","746","0","0","0","0"
"X","38260466","rs183600147","T","C","G","","","c.387-62T>C","intron","","97","21320","0","33","4.55e-3","7","5826","0","6","186","0","0","1044","0","3","2629","0","69","10352","0","4","537","0","8","746","0","0","0","0"
"X","38260477",".","G","A","E","","","c.387-51T>A","intron","","1","153963","0","0","6.5e-6","1","11872","0","0","6914","0","0","10418","0","0","14591","0","0","63651","0","0","26422","0","0","4159","0","0","15936","0"
"X","38260477","rs758845954","G","T","G","","","","intron","","1","21188","0","0","4.72e-5","1","5791","0","0","184","0","0","1032","0","0","2613","0","0","10293","0","0","532","0","0","743","0","0","0","0"
"X","38260479","rs368240058","A","G","E G","","","c.387-49A>G","intron","","6","178068","0","1","3.37e-5","0","17891","0","0","7138","0","0","11735","0","0","17452","0","5","75493","0","0","27229","0","1","4960","0","0","16170","0"
"X","38260482",".","A","T","G","","","c.387-46C>T","intron","","1","21300","0","0","4.69e-5","0","5807","0","0","184","0","0","1040","0","0","2630","0","1","10356","0","0","541","0","0","742","0","0","0","0"
"X","38260492",".","A","G","E","","","c.387-36T>G","intron","","1","170035","0","1","5.88e-6","0","13129","0","0","7122","0","0","11947","0","0","15779","0","1","72576","0","0","27656","0","0","4465","0","0","17361","0"
"X","38260496","rs370882565","T","A","E G","","","c.387-32T>A","intron","","109","194626","0","42","5.6e-4","2","19134","0","0","7362","0","0","13268","0","6","18678","0","65","84808","0","4","28384","0","0","5267","0","32","17725","0"
"X","38260496","rs370882565","T","G","E G","","","c.387-32T>G","intron","","3","194626","0","0","1.54e-5","3","19134","0","0","7362","0","0","13268","0","0","18678","0","0","84808","0","0","28384","0","0","5267","0","0","17725","0"
"X","38260500",".","A","G","E","","","","intron","","2","175841","0","0","1.14e-5","0","13528","0","0","7211","0","0","12428","0","0","16207","0","0","75883","0","0","27967","0","0","4586","0","2","18031","0"
"X","38260503","rs375307125","T","C","E","","","c.387-25G>C","intron","","3","177401","0","0","1.69e-5","0","13658","0","0","7221","0","0","12540","0","0","16308","0","3","76823","0","0","28035","0","0","4609","0","0","18207","0"
"X","38260504",".","T","C","E","","","c.387-24T>C","intron","","14","177793","0","4","7.87e-5","0","13676","0","14","7225","0","0","12575","0","0","16334","0","0","77046","0","0","28060","0","0","4615","0","0","18262","0"
"X","38260525",".","C","T","G","c.387-3A>T","","c.387-3A>T","splice region","","1","21130","0","0","4.73e-5","1","5729","0","0","182","0","0","1024","0","0","2644","0","0","10269","0","0","542","0","0","740","0","0","0","0"
"X","38260528",".","T","C","E","c.387T>C","p.Arg129Arg","c.387T>C","splice region","","1","182713","0","0","5.47e-6","0","13973","0","0","7291","0","0","12875","0","0","16584","0","1","79974","0","0","28265","0","0","4705","0","0","19046","0"
"X","38260531","rs149795059","A","G","E G","p.Val130Val","p.Val130Val","c.390A>G","synonymous","","12","182757","0","3","6.57e-5","0","13981","0","0","7290","0","0","12881","0","0","16582","0","12","79996","0","0","28264","0","0","4711","0","0","19052","0"
"X","38260532",".","T","C","E","","","","synonymous","","1","182869","0","0","5.47e-6","0","13985","0","0","7293","0","0","12887","0","0","16589","0","1","80077","0","0","28268","0","0","4709","0","0","19061","0"
"X","38260544",".","G","A","E","p.Ala135Thr","p.Ala135Thr","c.403C>A","missense","","3","182988","0","3","1.64e-5","0","13974","0","0","7291","0","0","12892","0","0","16566","0","0","80169","0","0","28276","0","0","4709","0","3","19111","0"
"X","38260550","rs72556258","G","A","E","p.Ala137Thr","p.Ala137Thr","c.409C>A","missense","","1","182979","0","1","5.47e-6","0","13961","0","0","7295","0","0","12896","0","0","16550","0","1","80176","0","0","28272","0","0","4695","0","0","19134","0"
"X","38260552",".","A","G","E","p.Ala137Ala","p.Ala137Ala","c.411C>G","synonymous","","1","183033","0","1","5.46e-6","0","13970","0","0","7295","0","0","12896","0","0","16544","0","0","80220","0","0","28276","0","0","4698","0","1","19134","0"
"X","38260558",".","G","A","E","p.Leu139Leu","p.Leu139Leu","c.417T>A","synonymous","","1","182608","0","0","5.48e-6","0","13936","0","0","7293","0","1","12868","0","0","16496","0","0","79950","0","0","28257","0","0","4691","0","0","19117","0"
"X","38260567",".","G","A","E","p.Val142Val","p.Val142Val","c.426G>A","synonymous","","3","182416","0","1","1.64e-5","0","13919","0","0","7293","0","0","12843","0","0","16517","0","2","79807","0","1","28252","0","0","4699","0","0","19086","0"
"X","38260570","rs145777402","T","C","E G","p.Tyr143Tyr","p.Tyr143Tyr","c.429T>C","synonymous","","243","203816","0","67","1.19e-3","207","19674","0","0","7478","0","0","13894","0","0","19181","0","3","90218","0","30","28819","0","3","5446","0","0","19106","0"
"X","38260571",".","A","G","E","p.Lys144Glu","p.Lys144Glu","c.430T>G","missense","","1","182746","0","0","5.47e-6","0","13943","0","0","7296","0","0","12873","0","0","16519","0","0","80031","0","1","28265","0","0","4709","0","0","19110","0"
"X","38260581",".","A","T","E","p.Asp147Val","p.Asp147Val","c.440A>T","missense","","1","183038","0","0","5.46e-6","0","13965","0","0","7301","0","0","12886","0","0","16572","0","1","80196","0","0","28274","0","0","4719","0","0","19125","0"
"X","38260590",".","C","A","E","p.Thr150Asn","p.Thr150Asn","","missense","","6","183132","0","1","3.28e-5","2","13986","0","0","7298","0","0","12888","0","0","16580","0","0","80259","0","4","28273","0","0","4721","0","0","19127","0"
"X","38260590","rs766735977","C","T","E G","p.Thr150Ile","p.Thr150Ile","c.449G>T","missense","","38","204194","0","11","1.86e-4","0","19689","0","0","7481","0","0","13902","0","33","19234","0","5","90472","0","0","28828","0","0","5461","0","0","19127","0"
"X","38260609",".","C","T","E","","","","synonymous","","1","183481","0","1","5.45e-6","0","14008","0","0","7303","0","0","12921","0","0","16616","0","0","80443","0","0","28287","0","0","4731","0","1","19172","0"
"X","38260618",".","T","G","E","p.Ile159Met","p.Ile159Met","c.477C>G","missense","","1","183580","0","0","5.45e-6","0","14009","0","1","7302","0","0","12929","0","0","16623","0","0","80504","0","0","28289","0","0","4734","0","0","19190","0"
"X","38260627",".","G","C","E","p.Gly162Gly","p.Gly162Gly","c.486T>C","synonymous","","1","183591","0","0","5.45e-6","0","14009","0","0","7301","0","0","12930","0","0","16620","0","1","80512","0","0","28292","0","0","4735","0","0","19192","0"
"X","38260627",".","G","T","E","","","","synonymous","","1","183591","0","0","5.45e-6","0","14009","0","0","7301","0","0","12930","0","0","16620","0","0","80512","0","0","28292","0","0","4735","0","1","19192","0"
"X","38260630",".","G","T","E","","","","synonymous","","1","183585","0","0","5.45e-6","0","14011","0","0","7301","0","0","12927","0","0","16625","0","1","80496","0","0","28295","0","0","4733","0","0","19197","0"
"X","38260633",".","A","T","E","","","","synonymous","","1","183603","0","0","5.45e-6","0","14011","0","0","7303","0","0","12929","0","0","16625","0","0","80513","0","0","28293","0","0","4733","0","1","19196","0"
"X","38260634",".","G","C","E","p.Asp165His","p.Asp165His","c.493G>C","missense","","1","183595","0","0","5.45e-6","0","14011","0","0","7303","0","0","12930","0","0","16622","0","0","80503","0","1","28293","0","0","4733","0","0","19200","0"
"X","38260639",".","G","T","E","p.Leu166Phe","p.Leu166Phe","","missense","","8","183577","0","4","4.36e-5","0","14010","0","0","7302","0","0","12929","0","0","16623","0","6","80498","0","2","28291","0","0","4729","0","0","19195","0"
"X","38260663",".","T","G","E","","","","synonymous","","1","183567","0","1","5.45e-6","0","14011","0","0","7303","0","0","12931","0","0","16618","0","0","80488","0","0","28289","0","0","4730","0","1","19197","0"
"X","38260670","rs148961194","C","T","E G","p.Leu177Phe","p.Leu177Phe","c.529G>T","missense","","6","204686","0","1","2.93e-5","5","19740","0","0","7481","0","0","13944","0","0","19253","0","1","90758","0","0","28839","0","0","5482","0","0","19189","0"
"X","38260675","rs775895740","G","A","E G","p.Thr178Thr","p.Thr178Thr","c.534C>A","synonymous","","19","204499","0","9","9.29e-5","1","19731","0","0","7479","0","2","13923","0","0","19216","0","2","90674","0","6","28827","0","1","5476","0","7","19173","0"
"X","38260682",".","G","A","E","c.540+1C>A","","c.540+1C>A","splice donor","LC LoF","1","183339","0","0","5.45e-6","0","14006","0","0","7291","0","0","12923","0","0","16589","0","1","80375","0","0","28277","0","0","4727","0","0","19151","0"
"X","38260687",".","T","C","G","c.540+6T>C","","c.540+6T>C","splice region","","2","21276","0","0","9.4e-5","0","5794","0","0","183","0","0","1021","0","0","2645","0","2","10338","0","0","550","0","0","745","0","0","0","0"
"X","38260693",".","T","G","E G","","","c.540+12T>G","intron","","3","204313","0","1","1.47e-5","0","19799","0","0","7469","0","0","13934","0","0","19188","0","0","90536","0","3","28817","0","0","5465","0","0","19105","0"
"X","38260703",".","A","G","E","","","c.540+22C>G","intron","","9","182432","0","3","4.93e-5","0","13965","0","0","7278","0","0","12896","0","0","16483","0","0","79863","0","9","28237","0","0","4707","0","0","19003","0"
"X","38260704",".","C","T","E G","","","","intron","","2","203315","0","2","9.84e-6","0","19741","0","0","7450","0","0","13910","0","0","19075","0","1","89980","0","0","28774","0","0","5441","0","1","18944","0"
"X","38260708",".","A","G","G","","","c.540+27T>G","intron","","1","21331","0","1","4.69e-5","0","5818","0","0","184","0","1","1034","0","0","2657","0","0","10338","0","0","553","0","0","747","0","0","0","0"
"X","38260708",".","A","T","E","","","","intron","","1","182080","0","1","5.49e-6","0","13950","0","0","7268","0","0","12885","0","1","16446","0","0","79665","0","0","28227","0","0","4697","0","0","18942","0"
"X","38260709",".","G","C","E","","","","intron","","21","181908","0","4","1.15e-4","0","13939","0","0","7268","0","0","12874","0","0","16408","0","2","79572","0","18","28221","0","1","4694","0","0","18932","0"
"X","38260712",".","C","A","E","","","c.540+31T>A","intron","","2","181463","0","1","1.1e-5","0","13923","0","0","7263","0","0","12846","0","0","16357","0","2","79320","0","0","28204","0","0","4687","0","0","18863","0"
"X","38260712",".","C","T","E","","","","intron","","1","181463","0","0","5.51e-6","0","13923","0","0","7263","0","0","12846","0","0","16357","0","1","79320","0","0","28204","0","0","4687","0","0","18863","0"
"X","38260718",".","C","A","E G","","","c.540+37T>A","intron","","2","201652","0","2","9.92e-6","0","19683","0","0","7432","0","0","13806","0","0","18871","0","2","89038","0","0","28707","0","0","5411","0","0","18704","0"
"X","38260724","rs775545666","A","G","E G","","","c.540+43T>G","intron","","9","200643","0","2","4.49e-5","0","19663","0","0","7412","0","0","13756","0","0","18761","0","0","88469","0","9","28645","0","0","5398","0","0","18539","0"
"X","38260735","rs746317695","G","T","G","","","c.540+54A>T","intron","","7","21286","0","2","3.29e-4","0","5813","0","0","185","0","0","1028","0","0","2655","0","7","10309","0","0","556","0","0","740","0","0","0","0"
"X","38260740",".","A","G","G","","","c.540+59C>G","intron","","2","21331","0","0","9.38e-5","0","5820","0","0","184","0","0","1032","0","2","2660","0","0","10334","0","0","558","0","0","743","0","0","0","0"
"X","38262808","rs2235125","G","A","G","","","","intron","","9695","20897","1581","3502","4.64e-1","3993","5675","870","71","182","7","627","984","110","1009","2645","137","3407","10121","370","290","555","51","298","735","36","0","0","0"
"X","38262821",".","A","G","E","","","c.541-50A>G","intron","","1","182777","0","1","5.47e-6","0","13982","0","0","7281","0","0","12922","0","0","16453","0","1","80066","0","0","28267","0","0","4712","0","0","19094","0"
"X","38262822",".","T","C","G","","","c.541-49T>C","intron","","1","21161","0","0","4.73e-5","0","5745","0","0","182","0","0","1020","0","0","2645","0","1","10270","0","0","559","0","0","740","0","0","0","0"
"X","38262824",".","A","G","E","","","c.541-47T>G","intron","","2","182900","0","0","1.09e-5","0","13986","0","0","7280","0","0","12924","0","0","16496","0","0","80118","0","2","28267","0","0","4722","0","0","19107","0"
"X","38262827",".","G","A","E","","","c.541-44T>A","intron","","1","182942","0","0","5.47e-6","0","13984","0","0","7281","0","0","12927","0","0","16499","0","0","80124","0","1","28267","0","0","4721","0","0","19139","0"
"X","38262834",".","C","T","E","","","","intron","","9","183119","0","6","4.91e-5","0","13999","0","0","7285","0","0","12930","0","0","16545","0","0","80204","0","3","28270","0","0","4726","0","6","19160","0"
"X","38262835","rs200101557","G","A","E G","","","c.541-36G>A","intron","","25","204171","0","11","1.22e-4","0","19718","0","0","7465","0","8","13945","0","0","19179","0","7","90410","0","0","28824","0","2","5463","0","8","19167","0"
"X","38262836",".","C","G","E","","","c.541-35T>G","intron","","1","183207","0","0","5.46e-6","0","14003","0","0","7284","0","1","12933","0","0","16563","0","0","80238","0","0","28273","0","0","4730","0","0","19183","0"
"X","38262837","rs751954222","C","T","G","","","c.541-34G>T","intron","","1","21175","0","0","4.72e-5","0","5754","0","0","183","0","0","1028","0","1","2649","0","0","10266","0","0","556","0","0","739","0","0","0","0"
"X","38262842",".","T","C","E","","","c.541-29A>C","intron","","1","183302","0","0","5.46e-6","0","14004","0","0","7286","0","1","12934","0","0","16580","0","0","80295","0","0","28276","0","0","4731","0","0","19196","0"
"X","38262844",".","T","C","E","","","c.541-27A>C","intron","","2","183326","0","1","1.09e-5","0","14009","0","0","7287","0","0","12940","0","0","16585","0","2","80301","0","0","28276","0","0","4730","0","0","19198","0"
"X","38262847",".","T","C","E","","","c.541-24T>C","intron","","3","183354","0","0","1.64e-5","0","14012","0","0","7289","0","0","12937","0","0","16592","0","0","80316","0","2","28276","0","0","4730","0","1","19202","0"
"X","38262860","rs374923521","G","A","E G","","","","intron","","9","204495","0","3","4.4e-5","2","19746","0","0","7475","0","0","13957","0","0","19237","0","7","90560","0","0","28843","0","0","5473","0","0","19204","0"
"X","38262886",".","C","T","E","","","","synonymous","","4","183425","0","2","2.18e-5","0","14011","0","0","7293","0","0","12945","0","1","16627","0","3","80324","0","0","28284","0","0","4733","0","0","19208","0"
"X","38262897",".","T","C","E","p.Leu189Leu","p.Leu189Leu","c.567A>C","synonymous","","2","183417","0","1","1.09e-5","0","14011","0","0","7291","0","0","12940","0","0","16628","0","2","80331","0","0","28280","0","0","4730","0","0","19206","0"
"X","38262912","rs200564773","C","A","E","","","","synonymous","","4","183366","0","3","2.18e-5","0","14010","0","0","7285","0","0","12932","0","0","16624","0","4","80297","0","0","28284","0","0","4731","0","0","19203","0"
"X","38262912","rs200564773","C","T","E G","p.Ile194Ile","p.Ile194Ile","c.582C>T","synonymous","","68","204546","1","24","3.32e-4","0","19771","0","59","7469","1","0","13964","0","0","19275","0","3","90549","0","0","28844","0","3","5471","0","3","19203","0"
"X","38262939",".","C","T","E","","","","synonymous","","1","183411","0","0","5.45e-6","0","14013","0","0","7289","0","0","12941","0","0","16626","0","0","80317","0","0","28286","0","0","4733","0","1","19206","0"
"X","38262942",".","C","G","E","p.Ile204Met","p.Ile204Met","c.612A>G","missense","","1","183421","0","1","5.45e-6","0","14011","0","0","7291","0","0","12944","0","0","16627","0","0","80319","0","0","28286","0","0","4733","0","1","19210","0"
"X","38262948",".","G","A","E","p.Met206Ile","p.Met206Ile","c.618T>A","missense","","1","183402","0","0","5.45e-6","1","14012","0","0","7289","0","0","12942","0","0","16627","0","0","80306","0","0","28283","0","0","4734","0","0","19209","0"
"X","38262951","rs72558415","C","T","E G","p.Ser207Ser","p.Ser207Ser","c.621C>T","synonymous","","31","204443","0","12","1.52e-4","0","19712","0","0","7471","0","21","13959","0","0","19268","0","0","90509","0","9","28838","0","0","5475","0","1","19211","0"
"X","38262952","rs72558416","G","T","E","p.Ala208Ser","p.Ala208Ser","c.622A>T","missense","","1","183393","0","0","5.45e-6","0","14011","0","0","7289","0","0","12944","0","0","16630","0","1","80290","0","0","28287","0","0","4735","0","0","19207","0"
"X","38262955","rs372179665","G","T","E","p.Ala209Ser","p.Ala209Ser","c.625A>T","missense","","1","183375","0","1","5.45e-6","0","14011","0","0","7287","0","0","12945","0","0","16620","0","1","80286","0","0","28285","0","0","4734","0","0","19207","0"
"X","38262956","rs72558417","C","G","E G","p.Ala209Gly","p.Ala209Gly","c.626T>G","missense","","13","204431","0","3","6.36e-5","0","19715","0","1","7473","0","0","13968","0","0","19267","0","9","90487","0","1","28836","0","2","5475","0","0","19210","0"
"X","38262957",".","G","A","E","p.Ala209Ala","p.Ala209Ala","c.627T>A","synonymous","","1","183366","0","0","5.45e-6","0","14010","0","0","7287","0","1","12946","0","0","16613","0","0","80286","0","0","28284","0","0","4734","0","0","19206","0"
"X","38262964","rs772049322","G","A","E G","p.Gly212Arg","p.Gly212Arg","c.634T>A","missense","","6","204415","0","3","2.94e-5","0","19705","0","0","7472","0","3","13971","0","0","19267","0","3","90481","0","0","28838","0","0","5470","0","0","19211","0"
"X","38262969",".","G","A","E","p.Met213Ile","p.Met213Ile","c.639T>A","missense","","3","183365","0","2","1.64e-5","0","14013","0","0","7287","0","3","12947","0","0","16627","0","0","80263","0","0","28285","0","0","4732","0","0","19211","0"
"X","38262973",".","C","A","E","p.Leu215Ile","p.Leu215Ile","","missense","","1","183362","0","1","5.45e-6","0","14013","0","0","7288","0","0","12943","0","0","16626","0","0","80262","0","1","28285","0","0","4729","0","0","19216","0"
"X","38263000",".","A","C","E","c.663+7T>C","","c.663+7T>C","splice region","","1","183160","0","0","5.46e-6","0","14003","0","0","7284","0","0","12945","0","0","16590","0","1","80122","0","0","28278","0","0","4727","0","0","19211","0"
"X","38263008",".","T","G","E","","","c.663+15C>G","intron","","1","182977","0","0","5.47e-6","0","14002","0","0","7275","0","0","12942","0","1","16548","0","0","80009","0","0","28274","0","0","4723","0","0","19204","0"
"X","38263010",".","C","T","E","","","c.663+17C>T","intron","","43","182862","0","25","2.35e-4","0","14000","0","0","7276","0","0","12942","0","0","16516","0","0","79934","0","0","28274","0","0","4721","0","43","19199","0"
"X","38263022",".","C","A","E","","","c.663+29C>A","intron","","6","182484","0","3","3.29e-5","0","13977","0","0","7266","0","4","12935","0","0","16424","0","0","79712","0","0","28268","0","1","4719","0","1","19183","0"
"X","38263028",".","T","C","E","","","c.663+35A>C","intron","","2","182096","0","2","1.1e-5","0","13965","0","0","7260","0","0","12916","0","0","16331","0","2","79499","0","0","28255","0","0","4712","0","0","19158","0"
"X","38263038","rs759883156","T","G","E G","","","c.663+45A>G","intron","","2","202451","0","1","9.88e-6","0","19613","0","0","7439","0","0","13901","0","0","18818","0","2","89347","0","0","28775","0","0","5435","0","0","19123","0"
"X","38263039",".","C","G","G","","","c.663+46A>G","intron","","1","21030","0","0","4.76e-5","0","5689","0","0","183","0","0","1011","0","0","2652","0","1","10198","0","0","554","0","0","743","0","0","0","0"
"X","38263040",".","C","T","G","","","","intron","","2","21016","0","2","9.52e-5","2","5687","0","0","181","0","0","1015","0","0","2645","0","0","10194","0","0","553","0","0","741","0","0","0","0"
"X","38263043","rs957415","A","G","E G","","","c.663+50T>G","intron","","541","202193","0","233","2.68e-3","9","19625","0","0","7433","0","0","13904","0","16","18737","0","403","89189","0","30","28771","0","14","5434","0","69","19100","0"
"X","38263044","rs376144729","G","A","E","","","c.663+51C>A","intron","","1","181120","0","0","5.52e-6","0","13911","0","0","7248","0","0","12881","0","0","16073","0","1","78997","0","0","28217","0","0","4689","0","0","19104","0"
"X","38263054",".","C","A","G","","","c.663+61T>A","intron","","1","20986","0","1","4.77e-5","1","5684","0","0","184","0","0","1021","0","0","2633","0","0","10176","0","0","552","0","0","736","0","0","0","0"
"X","38267949",".","G","A","E","","","c.664-46T>A","intron","","1","145960","0","0","6.85e-6","0","11081","0","0","6648","0","0","9471","0","0","14152","0","1","60104","0","0","25748","0","0","3966","0","0","14790","0"
"X","38267966",".","A","G","E G","","","c.664-29T>G","intron","","2","191807","0","0","1.04e-5","2","18892","0","0","7305","0","0","12912","0","0","18367","0","0","83577","0","0","28178","0","0","5224","0","0","17352","0"
"X","38267971",".","A","G","E","","","c.664-24T>G","intron","","1","174775","0","0","5.72e-6","0","13447","0","0","7174","0","0","12240","0","0","16114","0","1","75604","0","0","27845","0","0","4555","0","0","17796","0"
"X","38267988",".","C","T","E","c.664-7A>T","","c.664-7A>T","splice region","","4","182246","0","3","2.19e-5","0","13938","0","0","7279","0","0","12804","0","0","16557","0","0","79769","0","0","28194","0","0","4707","0","4","18998","0"
"X","38267995",".","G","A","E","p.Gly222Ser","p.Gly222Ser","","missense","","10","182955","0","3","5.47e-5","0","13984","0","0","7290","0","0","12855","0","0","16602","0","1","80177","0","0","28232","0","0","4724","0","9","19091","0"
"X","38267995",".","G","T","E","p.Gly222Cys","p.Gly222Cys","c.664A>T","missense","","1","182955","0","1","5.47e-6","0","13984","0","0","7290","0","0","12855","0","0","16602","0","1","80177","0","0","28232","0","0","4724","0","0","19091","0"
"X","38268001","rs373196047","G","C","E","p.Glu224Gln","p.Glu224Gln","c.670A>C","missense","","1","183192","0","0","5.46e-6","0","13992","0","0","7292","0","0","12877","0","0","16612","0","1","80319","0","0","28248","0","0","4724","0","0","19128","0"
"X","38268003",".","G","A","E","","","","synonymous","","2","183236","0","0","1.09e-5","0","13994","0","0","7293","0","0","12881","0","0","16609","0","2","80348","0","0","28246","0","0","4727","0","0","19138","0"
"X","38268004",".","C","G","E","p.Pro225Ala","p.Pro225Ala","c.673A>G","missense","","1","183244","0","0","5.46e-6","1","13996","0","0","7293","0","0","12877","0","0","16612","0","0","80350","0","0","28246","0","0","4725","0","0","19145","0"
"X","38268006","rs376129619","G","A","E G","p.Pro225Pro","p.Pro225Pro","c.675C>A","synonymous","","10","204350","0","3","4.89e-5","0","19724","0","0","7477","0","0","13891","0","0","19216","0","9","90619","0","0","28791","0","0","5472","0","1","19160","0"
"X","38268023",".","A","G","E","p.Lys231Arg","p.Lys231Arg","","missense","","1","183510","0","0","5.45e-6","0","14010","0","0","7301","0","0","12899","0","0","16623","0","0","80499","0","0","28258","0","1","4734","0","0","19186","0"
"X","38268032",".","A","G","E","p.Glu234Gly","p.Glu234Gly","c.701C>G","missense","","2","183551","0","2","1.09e-5","0","14011","0","0","7302","0","0","12911","0","0","16624","0","2","80516","0","0","28260","0","0","4733","0","0","19194","0"
"X","38268033",".","G","A","E","","","","synonymous","","1","183530","0","0","5.45e-6","0","14011","0","0","7299","0","0","12912","0","0","16619","0","1","80507","0","0","28258","0","0","4731","0","0","19193","0"
"X","38268036",".","G","C","E","p.Gln235His","p.Gln235His","","missense","","1","183526","0","1","5.45e-6","0","14011","0","0","7301","0","0","12913","0","0","16622","0","1","80492","0","0","28267","0","0","4731","0","0","19189","0"
"X","38268039",".","T","C","E","p.Tyr236Tyr","p.Tyr236Tyr","c.708G>C","synonymous","","1","183562","0","0","5.45e-6","0","14012","0","0","7302","0","0","12919","0","0","16619","0","0","80513","0","0","28265","0","1","4733","0","0","19199","0"
"X","38268053","rs747637190","G","A","E G","","","","splice region","","4","204749","0","3","1.95e-5","0","19754","0","0","7486","0","1","13934","0","0","19269","0","1","90801","0","2","28812","0","0","5484","0","0","19209","0"
"X","38268056",".","C","G","E","","","","splice region","","11","183561","0","6","5.99e-5","0","14010","0","0","7301","0","0","12922","0","0","16620","0","0","80503","0","0","28261","0","0","4734","0","11","19210","0"
"X","38268056",".","C","T","E","c.717+8G>T","","c.717+8G>T","splice region","","2","183561","0","1","1.09e-5","2","14010","0","0","7301","0","0","12922","0","0","16620","0","0","80503","0","0","28261","0","0","4734","0","0","19210","0"
"X","38268059",".","T","C","E","","","c.717+11G>C","intron","","10","183583","0","5","5.45e-5","0","14011","0","0","7300","0","10","12925","0","0","16621","0","0","80517","0","0","28263","0","0","4733","0","0","19213","0"
"X","38268061","rs371368820","C","T","E G","","","","intron","","4","204731","0","1","1.95e-5","4","19751","0","0","7485","0","0","13939","0","0","19270","0","0","90780","0","0","28816","0","0","5477","0","0","19213","0"
"X","38268063","rs374537792","T","C","E","","","c.717+15A>C","intron","","2","183583","0","1","1.09e-5","0","14011","0","0","7301","0","0","12927","0","0","16622","0","2","80512","0","0","28264","0","0","4734","0","0","19212","0"
"X","38268065",".","T","G","E","","","c.717+17T>G","intron","","7","183574","0","2","3.81e-5","0","14010","0","0","7300","0","0","12927","0","0","16624","0","0","80501","0","7","28268","0","0","4731","0","0","19213","0"
"X","38268079","rs184054006","C","T","E G","","","c.717+31A>T","intron","","55","204548","0","13","2.69e-4","4","19682","0","0","7484","0","0","13938","0","0","19270","0","28","90657","0","21","28822","0","2","5476","0","0","19219","0"
"X","38268088",".","G","A","E","","","c.717+40G>A","intron","","1","183517","0","0","5.45e-6","0","14012","0","0","7297","0","0","12935","0","0","16630","0","0","80417","0","0","28276","0","0","4733","0","1","19217","0"
"X","38268090",".","C","G","E","","","c.718-39A>G","intron","","2","183535","0","2","1.09e-5","0","14011","0","0","7298","0","0","12931","0","0","16630","0","2","80433","0","0","28278","0","0","4736","0","0","19218","0"
"X","38268093",".","A","G","E","","","c.718-36T>G","intron","","2","183568","0","1","1.09e-5","0","14013","0","0","7298","0","0","12941","0","0","16633","0","2","80445","0","0","28282","0","0","4736","0","0","19220","0"
"X","38268100",".","T","C","E","","","","intron","","2","183559","0","0","1.09e-5","0","14013","0","0","7297","0","2","12944","0","0","16631","0","0","80434","0","0","28282","0","0","4737","0","0","19221","0"
"X","38268104",".","T","C","E","","","","intron","","1","183568","0","1","5.45e-6","0","14013","0","0","7298","0","0","12944","0","0","16633","0","1","80438","0","0","28284","0","0","4737","0","0","19221","0"
"X","38268111","rs55903043","C","A","E","","","","intron","","1","183547","0","1","5.45e-6","0","14013","0","0","7301","0","0","12943","0","0","16634","0","1","80411","0","0","28288","0","0","4735","0","0","19222","0"
"X","38268111","rs55903043","C","T","E G","","","","intron","","9","204470","0","5","4.4e-5","0","19680","0","0","7483","0","0","13947","0","2","19253","0","6","90589","0","1","28829","0","0","5467","0","0","19222","0"
"X","38268112","rs375464092","G","A","E","","","c.718-17C>A","intron","","1","183546","0","1","5.45e-6","0","14013","0","0","7301","0","0","12944","0","0","16634","0","0","80410","0","0","28287","0","0","4735","0","1","19222","0"
"X","38268115","rs55722856","T","C","E G","","","c.718-14A>C","intron","","4385","204476","308","1171","2.14e-2","3857","19637","305","1","7485","0","134","13953","0","0","19259","0","35","90611","0","281","28835","1","41","5473","1","36","19223","1"
"X","38268119","rs370475845","T","C","E","","","c.718-10A>C","intron","","1","183558","0","0","5.45e-6","0","14013","0","0","7303","0","0","12945","0","0","16636","0","1","80414","0","0","28292","0","0","4734","0","0","19221","0"
"X","38268162","rs36005267","T","C","E G","p.Leu251Leu","p.Leu251Leu","c.751A>C","synonymous","","534","204494","6","131","2.61e-3","478","19675","6","0","7481","0","0","13955","0","0","19259","0","6","90590","0","38","28843","0","12","5472","0","0","19219","0"
"X","38268165",".","G","C","E","p.Glu252Gln","p.Glu252Gln","c.754G>C","missense","","3","183525","0","0","1.63e-5","0","14013","0","0","7300","0","0","12945","0","0","16634","0","0","80387","0","0","28292","0","0","4734","0","3","19220","0"
"X","38268172",".","C","T","E","p.Ala254Val","p.Ala254Val","","missense","","3","183502","0","2","1.63e-5","1","14013","0","0","7299","0","0","12947","0","0","16634","0","0","80370","0","2","28287","0","0","4732","0","0","19220","0"
"X","38268173",".","G","A","E","p.Ala254Ala","p.Ala254Ala","c.762G>A","synonymous","","2","183489","0","1","1.09e-5","0","14013","0","0","7299","0","0","12944","0","0","16632","0","2","80362","0","0","28286","0","0","4733","0","0","19220","0"
"X","38268173",".","G","C","G","p.Ala254Ala","p.Ala254Ala","c.762T>C","synonymous","","1","20994","0","1","4.76e-5","0","5662","0","0","182","0","0","1014","0","0","2629","0","1","10211","0","0","554","0","0","742","0","0","0","0"
"X","38268173",".","G","T","E G","","","","synonymous","","2","204483","0","1","9.78e-6","0","19675","0","0","7481","0","1","13958","0","0","19261","0","1","90573","0","0","28840","0","0","5475","0","0","19220","0"
"X","38268185",".","T","C","E","p.Asn258Asn","p.Asn258Asn","c.774A>C","synonymous","","3","183485","0","2","1.64e-5","0","14013","0","0","7294","0","0","12939","0","0","16636","0","0","80365","0","0","28288","0","0","4730","0","3","19220","0"
"X","38268211",".","G","A","E","p.Ser267Asn","p.Ser267Asn","","missense","","1","183464","0","1","5.45e-6","0","14013","0","0","7292","0","0","12940","0","0","16633","0","1","80349","0","0","28287","0","0","4731","0","0","19219","0"
"X","38268212",".","C","T","E","p.Ser267Ser","p.Ser267Ser","c.801A>T","synonymous","","1","183452","0","0","5.45e-6","0","14012","0","0","7291","0","0","12938","0","0","16633","0","0","80344","0","1","28285","0","0","4730","0","0","19219","0"
"X","38268213",".","A","C","E","p.Met268Leu","p.Met268Leu","","missense","","2","183451","0","0","1.09e-5","0","14013","0","0","7291","0","0","12931","0","0","16631","0","2","80348","0","0","28287","0","0","4731","0","0","19219","0"
"X","38268219","rs72558451","C","G","E","p.Gln270Glu","p.Gln270Glu","c.808A>G","missense","","4","183440","0","2","2.18e-5","0","14012","0","0","7290","0","0","12938","0","1","16633","0","3","80329","0","0","28286","0","0","4732","0","0","19220","0"
"X","38268220","rs1800328","A","G","E G","p.Gln270Arg","p.Gln270Arg","c.809A>G","missense","","5924","204524","65","2243","2.9e-2","99","19737","0","242","7467","2","3","13955","0","693","19290","6","3938","90540","51","541","28839","2","179","5477","2","229","19219","2"
"X","38268266",".","G","C","E","p.Gln285His","p.Gln285His","c.855G>C","missense","","1","183430","0","0","5.45e-6","0","13999","0","0","7293","0","0","12929","0","0","16634","0","0","80351","0","0","28281","0","0","4731","0","1","19212","0"
"X","38268274","rs777210088","T","G","E G","p.Met288Arg","p.Met288Arg","c.863A>G","missense","","3","183421","0","3","1.64e-5","0","14000","0","0","7294","0","0","12924","0","0","16636","0","3","80344","0","0","28278","0","0","4732","0","0","19213","0"
"X","38268286",".","T","C","E","","","","splice region","","2","183364","0","0","1.09e-5","2","14001","0","0","7292","0","0","12919","0","0","16633","0","0","80305","0","0","28278","0","0","4728","0","0","19208","0"
"X","38268296",".","T","C","E","","","c.867+18A>C","intron","","1","183172","0","0","5.46e-6","0","13990","0","0","7291","0","1","12903","0","0","16628","0","0","80172","0","0","28271","0","0","4722","0","0","19195","0"
"X","38268305","rs368863289","T","C","E G","","","c.867+27G>C","intron","","20","204067","0","4","9.8e-5","20","19634","0","0","7473","0","0","13914","0","0","19286","0","0","90292","0","0","28822","0","0","5463","0","0","19183","0"
"X","38268307",".","A","T","E","","","c.867+29A>T","intron","","1","182874","0","0","5.47e-6","0","13972","0","0","7285","0","0","12888","0","0","16619","0","1","79968","0","0","28265","0","0","4713","0","0","19164","0"
"X","38268313","rs62622415","T","G","E G","","","c.867+35A>G","intron","","4597","203550","51","1669","2.26e-2","169","19617","0","176","7465","0","2","13895","0","363","19268","0","3153","89912","46","508","28804","5","116","5444","0","110","19145","0"
"X","38268327",".","C","A","E","","","c.867+49G>A","intron","","1","181128","0","0","5.52e-6","0","13856","0","0","7255","0","1","12790","0","0","16571","0","0","78845","0","0","28213","0","0","4661","0","0","18937","0"
"X","38268349",".","T","G","G","","","c.867+71A>G","intron","","1","20867","0","1","4.79e-5","0","5601","0","0","178","0","0","1005","0","0","2657","0","1","10142","0","0","551","0","0","733","0","0","0","0"
"X","38271070",".","G","A","E","","","","intron","","2","180678","0","0","1.11e-5","0","13953","0","0","7286","0","0","12894","0","0","14484","0","0","79889","0","0","28260","0","0","4709","0","2","19203","0"
"X","38271072","rs368713384","C","T","E G","","","c.868-43C>T","intron","","5","202136","0","0","2.47e-5","3","19730","0","0","7473","0","0","13916","0","0","17306","0","0","90223","0","2","28824","0","0","5461","0","0","19203","0"
"X","38271077","rs753594259","A","G","E G","","","","intron","","13","202629","0","5","6.42e-5","0","19728","0","0","7473","0","0","13918","0","0","17670","0","13","90352","0","0","28824","0","0","5459","0","0","19205","0"
"X","38271078",".","T","C","E","","","c.868-37T>C","intron","","1","181570","0","0","5.51e-6","0","13967","0","0","7293","0","0","12907","0","0","15116","0","0","80096","0","0","28267","0","0","4715","0","1","19209","0"
"X","38271083",".","G","A","E","","","c.868-32T>A","intron","","1","181912","0","0","5.5e-6","0","13976","0","0","7295","0","0","12923","0","0","15332","0","1","80175","0","0","28279","0","0","4719","0","0","19213","0"
"X","38271086",".","A","C","E G","","","c.868-29A>C","intron","","3","203307","0","1","1.48e-5","0","19711","0","0","7473","0","0","13950","0","3","18190","0","0","90478","0","0","28832","0","0","5458","0","0","19215","0"
"X","38271088",".","A","T","E","","","","intron","","1","182345","0","0","5.48e-6","0","13984","0","0","7295","0","1","12936","0","0","15658","0","0","80253","0","0","28281","0","0","4723","0","0","19215","0"
"X","38271099",".","A","G","E","","","c.868-16T>G","intron","","4","182901","0","2","2.19e-5","0","13996","0","0","7300","0","0","12941","0","0","16079","0","0","80348","0","0","28289","0","0","4729","0","4","19219","0"
"X","38271101",".","C","T","E","","","c.868-14A>T","intron","","1","182977","0","0","5.47e-6","0","13999","0","0","7298","0","1","12944","0","0","16144","0","0","80356","0","0","28289","0","0","4728","0","0","19219","0"
"X","38271102","rs371213822","C","A","E G","","","","intron","","3","204029","0","2","1.47e-5","3","19693","0","0","7481","0","0","13960","0","0","18800","0","0","90581","0","0","28841","0","0","5455","0","0","19218","0"
"X","38271102","rs371213822","C","T","E","","","","intron","","5","182990","0","0","2.73e-5","0","13999","0","0","7298","0","0","12946","0","0","16162","0","0","80351","0","0","28290","0","0","4726","0","5","19218","0"
"X","38271107","rs374556289","C","T","E","c.868-8C>T","","c.868-8C>T","splice region","","1","183175","0","0","5.46e-6","1","14005","0","0","7296","0","0","12947","0","0","16306","0","0","80382","0","0","28292","0","0","4730","0","0","19217","0"
"X","38271121",".","A","G","E","p.Lys292Glu","p.Lys292Glu","","missense","","1","183440","0","0","5.45e-6","0","14008","0","0","7303","0","0","12953","0","0","16483","0","0","80444","0","0","28295","0","0","4731","0","1","19223","0"
"X","38271138",".","C","T","E","p.Asp297Asp","p.Asp297Asp","c.891A>T","synonymous","","1","183544","0","0","5.45e-6","0","14012","0","0","7304","0","0","12951","0","0","16562","0","1","80461","0","0","28295","0","0","4737","0","0","19222","0"
"X","38271143",".","C","T","E","p.Thr299Ile","p.Thr299Ile","c.896A>T","missense","","5","183563","0","3","2.72e-5","0","14013","0","0","7303","0","0","12952","0","0","16574","0","0","80464","0","0","28296","0","0","4739","0","5","19222","0"
"X","38271153",".","C","T","E","","","","synonymous","","1","183551","0","0","5.45e-6","0","14013","0","0","7304","0","0","12952","0","0","16586","0","1","80441","0","0","28294","0","0","4739","0","0","19222","0"
"X","38271162","rs368485863","C","G","E","p.Pro305Pro","p.Pro305Pro","c.915T>G","synonymous","","1","183554","0","0","5.45e-6","0","14013","0","0","7301","0","0","12949","0","0","16593","0","1","80442","0","0","28293","0","0","4740","0","0","19223","0"
"X","38271184",".","G","A","G","p.Asp313Asn","p.Asp313Asn","","missense","","1","21199","0","1","4.72e-5","0","5750","0","0","179","0","0","1028","0","0","2645","0","1","10295","0","0","556","0","0","746","0","0","0","0"
"X","38271188","rs137899554","A","C","E G","p.Glu314Ala","p.Glu314Ala","c.941T>C","missense","","21","204801","0","6","1.03e-4","21","19761","0","0","7484","0","0","13974","0","0","19257","0","0","90765","0","0","28852","0","0","5486","0","0","19222","0"
"X","38271192",".","C","G","E","p.Val315Val","p.Val315Val","c.945A>G","synonymous","","3","183576","0","1","1.63e-5","0","14013","0","0","7301","0","0","12946","0","0","16610","0","3","80452","0","0","28294","0","0","4737","0","0","19223","0"
"X","38271204","rs748625477","T","C","E G","p.Pro319Pro","p.Pro319Pro","c.957A>C","synonymous","","3","204709","0","1","1.47e-5","0","19764","0","0","7485","0","0","13969","0","0","19242","0","3","90695","0","0","28852","0","0","5480","0","0","19222","0"
"X","38271218",".","T","C","E","p.Phe324Ser","p.Phe324Ser","c.971T>C","missense","","1","183537","0","1","5.45e-6","0","14013","0","0","7296","0","0","12940","0","0","16598","0","1","80436","0","0","28295","0","0","4737","0","0","19222","0"
"X","38271219",".","C","T","E","p.Phe324Phe","p.Phe324Phe","c.972A>T","synonymous","","1","183522","0","0","5.45e-6","0","14013","0","0","7297","0","0","12939","0","0","16588","0","1","80429","0","0","28297","0","0","4736","0","0","19223","0"
"X","38271226",".","G","A","E","p.Ala327Thr","p.Ala327Thr","c.979C>A","missense","","1","183531","0","0","5.45e-6","0","14013","0","0","7302","0","0","12940","0","0","16582","0","0","80437","0","0","28296","0","0","4738","0","1","19223","0"
"X","38271230","rs770394018","A","G","E G","p.Glu328Gly","p.Glu328Gly","","missense","","5","204774","0","2","2.44e-5","0","19762","0","0","7487","0","0","13971","0","5","19247","0","0","90748","0","0","28852","0","0","5485","0","0","19222","0"
"X","38271237",".","A","G","E","p.Arg330Arg","p.Arg330Arg","c.990A>G","synonymous","","1","183556","0","0","5.45e-6","0","14012","0","0","7300","0","0","12942","0","0","16577","0","0","80472","0","1","28296","0","0","4736","0","0","19221","0"
"X","38271250",".","A","G","G","p.Met335Val","p.Met335Val","c.1003A>G","missense","","1","21244","0","0","4.71e-5","0","5743","0","0","186","0","1","1045","0","0","2671","0","0","10289","0","0","561","0","0","749","0","0","0","0"
"X","38271263","rs375524303","A","T","E G","","","c.1005+11G>T","intron","","18","204683","0","7","8.79e-5","0","19743","0","0","7490","0","0","13953","0","0","19155","0","18","90794","0","0","28853","0","0","5475","0","0","19220","0"
"X","38271264",".","A","G","E","","","c.1005+12C>G","intron","","3","183439","0","1","1.64e-5","0","14011","0","0","7302","0","0","12922","0","0","16475","0","0","80485","0","3","28292","0","0","4731","0","0","19221","0"
"X","38271272",".","T","C","E","","","c.1005+20A>C","intron","","10","183291","0","2","5.46e-5","0","14005","0","0","7301","0","0","12915","0","0","16381","0","10","80451","0","0","28288","0","0","4729","0","0","19221","0"
"X","38271276",".","G","A","E","","","c.1005+24T>A","intron","","3","183133","0","3","1.64e-5","0","14001","0","0","7302","0","0","12910","0","0","16303","0","2","80388","0","0","28285","0","0","4727","0","1","19217","0"
"X","38271278","rs369568396","A","G","E","","","c.1005+26C>G","intron","","6","183104","0","3","3.28e-5","0","14000","0","0","7302","0","0","12910","0","0","16291","0","6","80376","0","0","28285","0","0","4726","0","0","19214","0"
"X","38271282","rs780931111","G","A","E G","","","c.1005+30C>A","intron","","2","21248","0","1","9.41e-5","0","5738","0","0","185","0","0","1031","0","0","2672","0","2","10321","0","0","559","0","0","742","0","0","0","0"
"X","38271285","rs779096212","C","A","E G","","","c.1005+33C>A","intron","","13","204055","0","3","6.37e-5","9","19733","0","0","7486","0","0","13929","0","0","18822","0","1","90573","0","3","28841","0","0","5465","0","0","19206","0"
"X","38271299","rs202028899","A","G","E G","","","c.1005+47T>G","intron","","23","203553","0","8","1.13e-4","1","19760","0","0","7478","0","0","13896","0","0","18553","0","19","90399","0","1","28834","0","2","5456","0","0","19177","0"
"X","38280205",".","CCTT","C","G","","","c.1006-70_1006-68delGGA","intron","","1","21221","0","0","4.71e-5","0","5762","0","0","185","0","0","1029","0","0","2658","0","0","10284","0","1","561","0","0","742","0","0","0","0"
"X","38280206","rs12557315","C","T","G","","","c.1006-70G>T","intron","","4367","20981","380","1445","2.08e-1","339","5722","11","19","182","0","280","995","25","854","2649","95","2513","10147","209","167","554","21","195","732","19","0","0","0"
"X","38280230",".","G","A","E G","","","c.1006-46G>A","intron","","2","196566","0","0","1.02e-5","0","19466","0","0","7382","0","0","13664","0","0","16895","0","0","86872","0","0","28544","0","2","5325","0","0","18418","0"
"X","38280233","rs368841416","G","A","E G","","","c.1006-43C>A","intron","","39","197688","0","13","1.97e-4","5","19510","0","1","7404","0","0","13730","0","4","17110","0","27","87453","0","0","28587","0","2","5352","0","0","18542","0"
"X","38280262","rs188215770","T","C","E G","","","c.1006-14T>C","intron","","13","203124","0","9","6.4e-5","0","19753","0","0","7460","0","0","13936","0","0","18596","0","8","90035","0","3","28795","0","0","5434","0","2","19115","0"
"X","38280282","rs199568993","A","C","E","p.Met338Leu","p.Met338Leu","c.1012A>C","missense","","1","182680","0","1","5.47e-6","0","13997","0","0","7290","0","0","12938","0","0","16283","0","1","80019","0","0","28257","0","0","4704","0","0","19192","0"
"X","38280306",".","T","C","E","p.Ser346Pro","p.Ser346Pro","c.1036G>C","missense","","1","182972","0","0","5.47e-6","0","13998","0","0","7291","0","0","12937","0","0","16418","0","0","80147","0","0","28272","0","0","4710","0","1","19199","0"
"X","38280331","rs72558495","T","G","E","p.Phe354Cys","p.Phe354Cys","c.1061A>G","missense","","1","183105","0","0","5.46e-6","0","14000","0","0","7298","0","0","12938","0","0","16475","0","1","80211","0","0","28273","0","0","4712","0","0","19198","0"
"X","38280345",".","A","G","E","","","","3' UTR","","3","182943","0","1","1.64e-5","3","13995","0","0","7296","0","0","12925","0","0","16452","0","0","80144","0","0","28259","0","0","4704","0","0","19168","0"
"X","38280354",".","G","A","E","","","c.*19T>A","3' UTR","","1","182742","0","0","5.47e-6","0","13993","0","0","7294","0","0","12921","0","0","16398","0","1","80047","0","0","28249","0","0","4694","0","0","19146","0"
"X","38280377",".","A","G","E","","","c.*42A>G","3' UTR","","22","181345","0","15","1.21e-4","0","13946","0","0","7276","0","0","12854","0","0","16148","0","0","79282","0","0","28174","0","0","4676","0","22","18989","0"
"X","38280378",".","C","G","E","","","c.*43T>G","3' UTR","","1","181200","0","0","5.52e-6","0","13945","0","0","7271","0","0","12853","0","0","16125","0","0","79188","0","1","28171","0","0","4675","0","0","18972","0"
"X","38280422",".","A","G","G","","","","3' UTR","","1","21087","0","0","4.74e-5","0","5699","0","0","182","0","1","1030","0","0","2637","0","0","10254","0","0","549","0","0","736","0","0","0","0"
"X","38280433","rs765590119","C","A","G","","","c.*98T>A","3' UTR","","1","21046","0","0","4.75e-5","0","5698","0","0","182","0","0","1017","0","0","2631","0","1","10231","0","0","548","0","0","739","0","0","0","0"
"X","38280440",".","C","T","G","","","c.*105C>T","3' UTR","","2","21088","0","1","9.48e-5","0","5706","0","0","182","0","1","1025","0","0","2639","0","1","10249","0","0","547","0","0","740","0","0","0","0"
"X","38280441","rs766318571","G","A","G","","","","3' UTR","","8","21109","0","3","3.79e-4","0","5717","0","0","183","0","8","1026","0","0","2647","0","0","10245","0","0","549","0","0","742","0","0","0","0"
"X","38280457",".","G","A","G","","","","3' UTR","","1","21170","0","0","4.72e-5","0","5753","0","0","185","0","0","1027","0","0","2650","0","1","10260","0","0","550","0","0","745","0","0","0","0"
"X","38280465",".","T","C","G","","","c.*130A>C","3' UTR","","2","21264","0","1","9.41e-5","1","5790","0","0","186","0","0","1034","0","0","2657","0","1","10298","0","0","552","0","0","747","0","0","0","0"
"X","38280510","rs752290309","T","C","G","","","c.*175A>C","3' UTR","","1","21320","0","1","4.69e-5","0","5815","0","0","183","0","0","1027","0","0","2664","0","1","10330","0","0","552","0","0","749","0","0","0","0"
"X","38280584",".","TATTA","T","G","","","c.*250_*253delAGAG","3' UTR","","2","21282","0","2","9.4e-5","2","5807","0","0","185","0","0","1040","0","0","2633","0","0","10333","0","0","542","0","0","742","0","0","0","0"
"X","38280618","rs180730818","A","G","G","","","","3' UTR","","22","21177","0","10","1.04e-3","22","5771","0","0","183","0","0","1024","0","0","2613","0","0","10298","0","0","544","0","0","744","0","0","0","0"
"X","38280654","rs758765578","A","C","G","","","c.*319T>C","3' UTR","","13","21163","0","3","6.14e-4","13","5753","0","0","182","0","0","1030","0","0","2628","0","0","10279","0","0","549","0","0","742","0","0","0","0"
"X","38280689",".","A","C","G","","","c.*354A>C","3' UTR","","1","21132","0","0","4.73e-5","0","5749","0","0","182","0","0","1031","0","0","2638","0","1","10239","0","0","551","0","0","742","0","0","0","0"
"X","38280690",".","C","A","G","","","c.*355G>A","3' UTR","","1","21109","0","0","4.74e-5","1","5737","0","0","181","0","0","1026","0","0","2640","0","0","10238","0","0","549","0","0","738","0","0","0","0"
"X","38280696",".","C","A","G","","","c.*361G>A","3' UTR","","1","21125","0","0","4.73e-5","0","5757","0","0","182","0","0","1024","0","0","2636","0","1","10237","0","0","550","0","0","739","0","0","0","0"
"X","38280712",".","C","G","G","","","","downstream gene","","1","21193","0","0","4.72e-5","0","5767","0","0","185","0","0","1032","0","0","2644","0","1","10266","0","0","558","0","0","741","0","0","0","0"
"X","38280762",".","C","T","G","","","","downstream gene","","1","21197","0","0","4.72e-5","1","5765","0","0","185","0","0","1023","0","0","2650","0","0","10273","0","0","556","0","0","745","0","0","0","0"
"X","38280768",".","G","T","G","","","","downstream gene","","2","21172","0","1","9.45e-5","2","5759","0","0","183","0","0","1024","0","0","2645","0","0","10261","0","0","558","0","0","742","0","0","0","0"